RSRP,RSRQ,RSSI,SINR,FB,EI,CI,network,LATITUDE,LONGITUDE,Hb,id,Husr,deltaH,L,D,the,phi,RSP
-52,-88,-28,78,3509.76,524287,4095,1,24.828652,102.848843,2001,1,1977,24,200.3,201.73,276.73,-6.84,16
-56,-88,-33,76,3408.96,524287,4095,1,24.828652,102.848843,2001,2,1977,24,200.3,201.73,276.73,-6.84,16
-56,-88,-40,76,3408.96,524287,4095,1,24.828652,102.848843,2001,3,1977,24,200.3,201.73,276.73,-6.84,16
-54,-86,-38,72,3408.96,524287,4095,1,24.828652,102.848843,2001,4,1977,24,200.3,201.73,276.73,-6.84,16
-51,-79,-29,63,3408.96,524287,4095,1,24.828652,102.848843,2001,5,1977,24,200.3,201.73,276.73,-6.84,16
-51,-79,-26,63,3408.96,524287,4095,1,24.828652,102.848843,2001,6,1977,24,200.3,201.73,276.73,-6.84,16
-53,-79,-30,53,3408.96,524287,4095,1,24.828652,102.848843,2001,7,1977,24,200.3,201.73,276.73,-6.84,16
-53,-79,-33,53,3408.96,524287,4095,1,24.828652,102.848843,2001,8,1977,24,200.3,201.73,276.73,-6.84,16
-101,-79,-85,14,3408.96,524287,4095,1,24.828652,102.848843,2001,9,1977,24,200.3,201.73,276.73,-6.84,16
-60,-89,-43,84,3408.96,524287,4095,1,24.828652,102.848843,2001,10,1977,24,200.3,201.73,276.73,-6.84,16
-67,-87,-50,98,3408.96,524287,4095,1,24.828652,102.848843,2001,11,1977,24,200.3,201.73,276.73,-6.84,16
-67,-87,-45,98,3408.96,524287,4095,1,24.828652,102.848843,2001,12,1977,24,200.3,201.73,276.73,-6.84,16
-75,-90,-52,106,3408.96,524287,4095,1,24.828652,102.848843,2001,13,1977,24,200.3,201.73,276.73,-6.84,16
-69,-89,-44,103,3408.96,524287,4095,1,24.828652,102.848843,2001,14,1977,24,200.3,201.73,276.73,-6.84,16
-69,-89,-45,103,3408.96,524287,4095,1,24.828652,102.848843,2001,15,1977,24,200.3,201.73,276.73,-6.84,16
-72,-91,-56,106,3408.96,524287,4095,1,24.828652,102.848843,2001,16,1977,24,200.3,201.73,276.73,-6.84,16
-72,-91,-57,106,3408.96,524287,4095,1,24.828652,102.848843,2001,17,1977,24,200.3,201.73,276.73,-6.84,16
-65,-89,-45,93,3408.96,524287,4095,1,24.828652,102.848843,2001,18,1977,24,200.3,201.73,276.73,-6.84,16
-65,-89,-43,93,3408.96,524287,4095,1,24.828652,102.848843,2001,19,1977,24,200.3,201.73,276.73,-6.84,16
-82,-89,-65,13,3408.96,524287,4095,1,24.828652,102.848843,2001,20,1977,24,200.3,201.73,276.73,-6.84,16
-60,-86,-44,75,3408.96,524287,4095,1,24.828652,102.848843,2001,21,1977,24,200.3,201.73,276.73,-6.84,16
-60,-85,-39,77,3408.96,524287,4095,1,24.828652,102.848843,2001,22,1977,24,200.3,201.73,276.73,-6.84,16
-60,-85,-42,77,3408.96,524287,4095,1,24.828652,102.848843,2001,23,1977,24,200.3,201.73,276.73,-6.84,16
-64,-79,-49,87,3408.96,524287,4095,1,24.828652,102.848843,2001,24,1977,24,200.3,201.73,276.73,-6.84,16
-64,-79,-47,87,3408.96,524287,4095,1,24.828652,102.848843,2001,25,1977,24,200.3,201.73,276.73,-6.84,16
-68,-83,-49,89,3408.96,524287,4095,1,24.828652,102.848843,2001,26,1977,24,200.3,201.73,276.73,-6.84,16
-68,-83,-53,89,3408.96,524287,4095,1,24.828652,102.848843,2001,27,1977,24,200.3,201.73,276.73,-6.84,16
-70,-81,-52,81,3408.96,524287,4095,1,24.828652,102.848843,2001,28,1977,24,200.3,201.73,276.73,-6.84,16
-84,-81,-67,23,3408.96,524287,4095,1,24.828652,102.848843,2001,29,1977,24,200.3,201.73,276.73,-6.84,16
-72,-86,-56,88,3408.96,524287,4095,1,24.828652,102.848843,2001,30,1977,24,200.3,201.73,276.73,-6.84,16
-72,-87,-52,92,3408.96,524287,4095,1,24.828652,102.848843,2001,31,1977,24,200.3,201.73,276.73,-6.84,16
-72,-87,-52,92,3408.96,524287,4095,1,24.828652,102.848843,2001,32,1977,24,200.3,201.73,276.73,-6.84,16
-71,-83,-54,77,3408.96,524287,4095,1,24.828652,102.848843,2001,33,1977,24,200.3,201.73,276.73,-6.84,16
-73,-82,-49,87,3408.96,524287,4095,1,24.828652,102.848843,2001,34,1977,24,200.3,201.73,276.73,-6.84,16
-85,-87,-66,97,3408.96,524287,4095,1,24.824997,102.849843,2001,35,1967,34,391.52,392.99,195.74,-4.95,16
-85,-87,-69,97,3408.96,524287,4095,1,24.825157,102.849705,2001,36,1967,34,378.25,379.78,198.68,-5.12,16
-85,-87,-61,97,3408.96,524287,4095,1,24.825178,102.849743,2001,37,1967,34,374.91,376.45,198.19,-5.16,16
-85,-90,-62,100,3408.96,524287,4095,1,24.825178,102.849743,2001,38,1967,34,374.91,376.45,198.19,-5.16,16
-85,-90,-61,100,3408.96,524287,4095,1,24.825182,102.849755,2001,39,1967,34,374.14,375.68,198.01,-5.18,16
-94,-91,-71,107,3408.96,524287,4095,1,24.825182,102.849755,2001,40,1967,34,374.14,375.68,198.01,-5.18,16
-93,-91,-70,107,3408.96,524287,4095,1,24.825182,102.849755,2001,41,1967,34,374.14,375.68,198.01,-5.18,16
-93,-91,-69,107,3408.96,524287,4095,1,24.825172,102.849768,2001,42,1967,34,374.83,376.37,197.75,-5.17,16
-93,-91,-74,107,3408.96,524287,4095,1,24.825167,102.849787,2001,43,1967,34,374.83,376.37,197.43,-5.17,16
-100,-91,-77,108,3408.96,524287,4095,1,24.82517,102.84981,2001,44,1967,34,373.87,375.41,197.07,-5.18,16
-53,-91,-34,31,3408.96,524287,4095,1,24.825172,102.849828,2001,45,1967,34,373.17,374.72,196.79,-5.19,16
-106,-90,-81,109,3408.96,524287,4095,1,24.825175,102.849843,2001,46,1967,34,372.45,374,196.56,-5.2,16
-106,-90,-81,109,3408.96,524287,4095,1,24.825173,102.849893,2001,47,1966,35,371.37,373.02,195.74,-5.37,16
-100,-89,-82,109,3408.96,524287,4095,1,24.825173,102.849893,2001,48,1966,35,371.37,373.02,195.74,-5.37,16
-89,-86,-73,105,3408.96,524287,4095,1,24.825192,102.849923,2001,49,1966,35,368.59,370.25,195.33,-5.41,16
-89,-86,-72,105,3408.96,524287,4095,1,24.825203,102.849923,2001,50,1966,35,367.41,369.07,195.38,-5.42,16
-90,-85,-71,104,3408.96,524287,4095,1,24.825223,102.849925,2001,51,1966,35,365.21,366.88,195.44,-5.46,16
-90,-85,-68,104,3408.96,524287,4095,1,24.825237,102.849963,2001,52,1968,33,362.78,364.28,194.87,-5.18,16
-92,-86,-69,108,3408.96,524287,4095,1,24.825268,102.85001,2001,53,1968,33,358.35,359.87,194.21,-5.24,16
-99,-90,-76,106,3408.96,524287,4095,1,24.825407,102.850058,2001,54,1968,33,342.25,343.84,193.98,-5.49,16
-99,-90,-76,106,3408.96,524287,4095,1,24.825407,102.850058,2001,55,1968,33,342.25,343.84,193.98,-5.49,16
-99,-90,-81,106,3408.96,524287,4095,1,24.825408,102.850077,2001,56,1968,33,341.73,343.32,193.64,-5.5,16
-96,-88,-74,105,3408.96,524287,4095,1,24.825397,102.850097,2001,57,1968,33,342.49,344.08,193.24,-5.48,16
-96,-88,-78,105,3408.96,524287,4095,1,24.825397,102.850133,2001,58,1968,33,341.74,343.33,192.59,-5.5,16
-99,-88,-78,106,3408.96,524287,4095,1,24.82542,102.850148,2001,59,1968,33,338.94,340.54,192.41,-5.54,16
-99,-88,-77,106,3408.96,524287,4095,1,24.82552,102.850365,2001,60,1968,33,324.34,326.01,188.69,-5.79,16
-101,-86,-77,103,3408.96,524287,4095,1,24.82552,102.850365,2001,61,1968,33,324.34,326.01,188.69,-5.79,16
-101,-86,-79,103,3408.96,524287,4095,1,24.825515,102.850393,2001,62,1968,33,324.51,326.18,188.13,-5.79,16
-98,-87,-81,107,3408.96,524287,4095,1,24.82552,102.850405,2001,63,1968,33,323.81,325.49,187.91,-5.8,16
-98,-87,-83,107,3408.96,524287,4095,1,24.825532,102.85042,2001,64,1968,33,322.3,323.99,187.65,-5.82,16
-98,-89,-78,111,3408.96,524287,4095,1,24.825537,102.850435,2001,65,1968,33,321.57,323.26,187.37,-5.84,16
-98,-89,-74,111,3408.96,524287,4095,1,24.825542,102.85045,2001,66,1968,33,320.84,322.53,187.09,-5.85,16
-96,-89,-78,101,3408.96,524287,4095,1,24.825545,102.850462,2001,67,1968,33,320.38,322.08,186.86,-5.86,16
-96,-89,-73,101,3408.96,524287,4095,1,24.825565,102.850472,2001,68,1968,33,318.07,319.78,186.71,-5.9,16
-94,-88,-76,104,3408.96,524287,4095,1,24.825578,102.850483,2001,69,1968,33,316.52,318.24,186.52,-5.93,16
-94,-88,-71,104,3408.96,524287,4095,1,24.825585,102.850498,2001,70,1968,33,315.59,317.31,186.24,-5.95,16
-95,-91,-77,100,3408.96,524287,4095,1,24.825592,102.850507,2001,71,1968,33,314.73,316.46,186.08,-5.96,16
-57,-91,-36,26,3408.96,524287,4095,1,24.825603,102.850515,2001,72,1968,33,313.44,315.17,185.94,-5.99,16
-98,-90,-74,102,3408.96,524287,4095,1,24.82561,102.850523,2001,73,1968,33,312.6,314.34,185.79,-6,16
-98,-90,-77,102,3408.96,524287,4095,1,24.82562,102.850528,2001,74,1968,33,311.45,313.19,185.71,-6.03,16
-100,-89,-81,108,3408.96,524287,4095,1,24.825622,102.850545,2001,75,1968,33,311.07,312.82,185.37,-6.03,16
-100,-89,-82,108,3408.96,524287,4095,1,24.825628,102.850558,2001,76,1968,33,310.3,312.05,185.12,-6.05,16
-98,-88,-82,107,3408.96,524287,4095,1,24.82563,102.85057,2001,77,1968,33,309.98,311.73,184.88,-6.05,16
-98,-88,-73,107,3408.96,524287,4095,1,24.825635,102.850583,2001,78,1968,33,309.33,311.09,184.62,-6.07,16
-98,-86,-74,105,3408.96,524287,4095,1,24.825643,102.850597,2001,79,1968,33,308.35,310.11,184.35,-6.09,16
-98,-86,-79,105,3408.96,524287,4095,1,24.825643,102.850597,2001,80,1968,33,308.35,310.11,184.35,-6.09,16
-95,-87,-75,102,3408.96,524287,4095,1,24.825657,102.850607,2001,81,1968,33,306.73,308.5,184.16,-6.12,16
-97,-87,-75,101,3408.96,524287,4095,1,24.825657,102.850607,2001,82,1968,33,306.73,308.5,184.16,-6.12,16
-97,-87,-72,101,3408.96,524287,4095,1,24.82567,102.850623,2001,83,1968,33,305.19,306.97,183.85,-6.15,16
-97,-87,-74,101,3408.96,524287,4095,1,24.82568,102.850638,2001,84,1968,33,304,305.79,183.55,-6.17,16
-96,-88,-76,106,3408.96,524287,4095,1,24.825687,102.850648,2001,85,1968,33,303.17,304.96,183.35,-6.19,16
-89,-85,-65,105,3408.96,524287,4095,1,24.825687,102.850648,2001,86,1968,33,303.17,304.96,183.35,-6.19,16
-89,-85,-67,105,3408.96,524287,4095,1,24.825703,102.850662,2001,87,1968,33,301.32,303.12,183.08,-6.23,16
-88,-84,-72,102,3408.96,524287,4095,1,24.825703,102.850662,2001,88,1968,33,301.32,303.12,183.08,-6.23,16
-88,-84,-65,102,3408.96,524287,4095,1,24.825722,102.85067,2001,89,1968,33,299.18,300.99,182.93,-6.27,16
-91,-89,-75,97,3408.96,524287,4095,1,24.825722,102.85067,2001,90,1968,33,299.18,300.99,182.93,-6.27,16
-91,-89,-75,97,3408.96,524287,4095,1,24.825735,102.850678,2001,91,1968,33,297.71,299.53,182.77,-6.3,16
-91,-89,-76,97,3408.96,524287,4095,1,24.825748,102.850683,2001,92,1968,33,296.25,298.08,182.68,-6.33,16
-94,-90,-72,109,3408.96,524287,4095,1,24.825757,102.850692,2001,93,1968,33,295.21,297.05,182.49,-6.35,16
-94,-90,-71,109,3408.96,524287,4095,1,24.825782,102.850698,2001,94,1968,33,292.42,294.28,182.39,-6.41,16
-85,-84,-61,103,3408.96,524287,4095,1,24.825787,102.85071,2001,95,1968,33,291.83,293.69,182.13,-6.43,16
-85,-84,-62,103,3408.96,524287,4095,1,24.825792,102.85072,2001,96,1968,33,291.24,293.1,181.92,-6.44,16
-86,-87,-62,104,3408.96,524287,4095,1,24.8258,102.850727,2001,97,1968,33,290.33,292.2,181.77,-6.46,16
-86,-87,-68,104,3408.96,524287,4095,1,24.825813,102.850733,2001,98,1968,33,288.88,290.76,181.65,-6.49,16
-83,-84,-59,104,3408.96,524287,4095,1,24.825823,102.85074,2001,99,1968,33,287.75,289.64,181.5,-6.52,16
-72,-84,-48,28,3408.96,524287,4095,1,24.825823,102.85074,2001,100,1968,33,287.75,289.64,181.5,-6.52,16
-85,-85,-69,103,3408.96,524287,4095,1,24.825837,102.850755,2001,101,1970,31,286.17,287.84,181.18,-6.16,16
-85,-85,-70,103,3408.96,524287,4095,1,24.825847,102.850765,2001,102,1970,31,285.05,286.73,180.96,-6.18,16
-80,-84,-61,102,3408.96,524287,4095,1,24.825858,102.850773,2001,103,1970,31,283.82,285.51,180.78,-6.21,16
-80,-84,-63,102,3408.96,524287,4095,1,24.825868,102.850782,2001,104,1970,31,282.7,284.39,180.58,-6.23,16
-84,-84,-67,103,3408.96,524287,4095,1,24.825858,102.850802,2001,105,1970,31,283.79,285.48,180.13,-6.21,16
-84,-84,-68,103,3408.96,524287,4095,1,24.825865,102.85081,2001,106,1970,31,283.02,284.71,179.96,-6.23,16
-78,-75,-57,98,3408.96,524287,4095,1,24.825865,102.85081,2001,107,1970,31,283.02,284.71,179.96,-6.23,16
-78,-75,-55,98,3408.96,524287,4095,1,24.825885,102.85083,2001,108,1970,31,280.81,282.52,179.5,-6.28,16
-78,-74,-57,96,3408.96,524287,4095,1,24.82589,102.85084,2001,109,1970,31,280.27,281.98,179.28,-6.29,16
-78,-74,-54,96,3408.96,524287,4095,1,24.825898,102.850848,2001,110,1970,31,279.39,281.1,179.09,-6.31,16
-80,-78,-60,98,3408.96,524287,4095,1,24.825907,102.850858,2001,111,1970,31,278.41,280.13,178.86,-6.33,16
-80,-78,-61,98,3408.96,524287,4095,1,24.825912,102.85087,2001,112,1970,31,277.88,279.6,178.58,-6.34,16
-87,-85,-63,88,3408.96,524287,4095,1,24.82592,102.85088,2001,113,1970,31,277.02,278.75,178.35,-6.36,16
-87,-85,-62,88,3408.96,524287,4095,1,24.825927,102.850888,2001,114,1970,31,276.27,278,178.16,-6.38,16
-82,-72,-65,90,3408.96,524287,4095,1,24.825935,102.850897,2001,115,1970,31,275.41,277.15,177.95,-6.4,16
-82,-72,-65,90,3408.96,524287,4095,1,24.82594,102.850905,2001,116,1970,31,274.89,276.63,177.76,-6.41,16
-81,-73,-66,96,3408.96,524287,4095,1,24.825947,102.850913,2001,117,1970,31,274.14,275.89,177.57,-6.43,16
-81,-73,-62,96,3408.96,524287,4095,1,24.82595,102.850927,2001,118,1970,31,273.87,275.62,177.24,-6.43,16
-82,-79,-58,94,3408.96,524287,4095,1,24.825958,102.850938,2001,119,1970,31,273.03,274.78,176.98,-6.45,16
-82,-79,-66,94,3408.96,524287,4095,1,24.825957,102.850948,2001,120,1970,31,273.19,274.94,176.75,-6.45,16
-85,-83,-61,97,3408.96,524287,4095,1,24.825957,102.850948,2001,121,1970,31,273.19,274.94,176.75,-6.45,16
-85,-83,-67,97,3408.96,524287,4095,1,24.825963,102.850977,2001,122,1970,31,272.7,274.46,176.07,-6.46,16
-86,-85,-68,103,3408.96,524287,4095,1,24.825968,102.850985,2001,123,1970,31,272.2,273.96,175.87,-6.47,16
-87,-85,-71,100,3408.96,524287,4095,1,24.825968,102.850985,2001,124,1970,31,272.2,273.96,175.87,-6.47,16
-87,-85,-69,100,3408.96,524287,4095,1,24.825975,102.850995,2001,125,1970,31,271.49,273.25,175.63,-6.49,16
-84,-85,-60,96,3408.96,524287,4095,1,24.825975,102.850995,2001,126,1970,31,271.49,273.25,175.63,-6.49,16
-84,-85,-67,96,3408.96,524287,4095,1,24.825975,102.850995,2001,127,1970,31,271.49,273.25,175.63,-6.49,16
-71,-85,-47,27,3408.96,524287,4095,1,24.825982,102.851005,2001,128,1970,31,270.79,272.56,175.38,-6.51,16
-83,-86,-68,101,3408.96,524287,4095,1,24.825982,102.851005,2001,129,1970,31,270.79,272.56,175.38,-6.51,16
-83,-86,-63,101,3408.96,524287,4095,1,24.82599,102.85101,2001,130,1970,31,269.95,271.72,175.25,-6.53,16
-77,-85,-53,92,3408.96,524287,4095,1,24.82599,102.85101,2001,131,1970,31,269.95,271.72,175.25,-6.53,16
-77,-85,-61,92,3408.96,524287,4095,1,24.826,102.851017,2001,132,1970,31,268.9,270.68,175.06,-6.55,16
-79,-87,-56,80,3408.96,524287,4095,1,24.826,102.851017,2001,133,1970,31,268.9,270.68,175.06,-6.55,16
-79,-87,-59,80,3408.96,524287,4095,1,24.826013,102.851022,2001,134,1970,31,267.5,269.29,174.92,-6.59,16
-80,-87,-63,94,3408.96,524287,4095,1,24.826013,102.851022,2001,135,1970,31,267.5,269.29,174.92,-6.59,16
-80,-87,-58,94,3408.96,524287,4095,1,24.826027,102.851018,2001,136,1969,32,265.92,267.84,174.98,-6.84,16
-78,-83,-60,94,3408.96,524287,4095,1,24.826027,102.851018,2001,137,1969,32,265.92,267.84,174.98,-6.84,16
-71,-83,-50,19,3408.96,524287,4095,1,24.826027,102.851018,2001,138,1969,32,265.92,267.84,174.98,-6.84,16
-80,-89,-61,93,3408.96,524287,4095,1,24.826018,102.85103,2001,139,1970,31,267.02,268.81,174.72,-6.6,16
-80,-89,-59,93,3408.96,524287,4095,1,24.826012,102.851045,2001,140,1970,31,267.81,269.6,174.38,-6.58,16
-78,-81,-57,88,3408.96,524287,4095,1,24.826012,102.851045,2001,141,1970,31,267.81,269.6,174.38,-6.58,16
-78,-81,-56,88,3408.96,524287,4095,1,24.825998,102.851043,2001,142,1970,31,269.34,271.12,174.46,-6.54,16
-78,-89,-59,87,3408.96,524287,4095,1,24.825998,102.851043,2001,143,1970,31,269.34,271.12,174.46,-6.54,16
-78,-89,-63,87,3408.96,524287,4095,1,24.825992,102.851057,2001,144,1971,30,270.13,271.79,174.14,-6.31,16
-75,-88,-59,79,3408.96,524287,4095,1,24.825982,102.851062,2001,145,1971,30,271.28,272.93,174.05,-6.29,16
-75,-88,-56,79,3408.96,524287,4095,1,24.825982,102.851062,2001,146,1971,30,271.28,272.93,174.05,-6.29,16
-76,-84,-55,86,3408.96,524287,4095,1,24.825982,102.851062,2001,147,1971,30,271.28,272.93,174.05,-6.29,16
-76,-84,-57,86,3408.96,524287,4095,1,24.825972,102.851072,2001,148,1971,30,272.48,274.13,173.84,-6.26,16
-81,-88,-59,94,3408.96,524287,4095,1,24.825972,102.851072,2001,149,1971,30,272.48,274.13,173.84,-6.26,16
-81,-88,-56,94,3408.96,524287,4095,1,24.825983,102.851092,2001,150,1971,30,271.47,273.12,173.35,-6.28,16
-75,-85,-59,91,3408.96,524287,4095,1,24.825972,102.851083,2001,151,1971,30,272.59,274.24,173.59,-6.26,16
-75,-85,-59,91,3408.96,524287,4095,1,24.825965,102.851072,2001,152,1971,30,273.25,274.89,173.86,-6.24,16
-72,-87,-52,82,3408.96,524287,4095,1,24.82591,102.85104,2001,153,1970,31,279.02,280.74,174.72,-6.32,16
-72,-87,-48,82,3408.96,524287,4095,1,24.825865,102.851025,2001,154,1970,31,283.87,285.56,175.15,-6.21,16
-71,-81,-48,66,3408.96,524287,4095,1,24.82584,102.85102,2001,155,1970,31,286.59,288.26,175.3,-6.15,16
-71,-81,-48,8,3408.96,524287,4095,1,24.82584,102.85102,2001,156,1970,31,286.59,288.26,175.3,-6.15,16
-69,-83,-48,56,3408.96,524287,4095,1,24.82584,102.85102,2001,157,1970,31,286.59,288.26,175.3,-6.15,16
-69,-85,-48,58,3408.96,524287,4095,1,24.82584,102.85102,2001,158,1970,31,286.59,288.26,175.3,-6.15,16
-69,-85,-52,58,3408.96,524287,4095,1,24.82584,102.85102,2001,159,1970,31,286.59,288.26,175.3,-6.15,16
-67,-82,-47,67,3408.96,524287,4095,1,24.82584,102.85102,2001,160,1970,31,286.59,288.26,175.3,-6.15,16
-67,-82,-49,67,3408.96,524287,4095,1,24.82584,102.85102,2001,161,1970,31,286.59,288.26,175.3,-6.15,16
-71,-89,-48,78,3408.96,524287,4095,1,24.82584,102.85102,2001,162,1970,31,286.59,288.26,175.3,-6.15,16
-71,-89,-54,78,3408.96,524287,4095,1,24.82584,102.85102,2001,163,1970,31,286.59,288.26,175.3,-6.15,16
-71,-85,-52,75,3408.96,524287,4095,1,24.82584,102.85102,2001,164,1970,31,286.59,288.26,175.3,-6.15,16
-71,-85,-55,75,3408.96,524287,4095,1,24.82584,102.85102,2001,165,1970,31,286.59,288.26,175.3,-6.15,16
-86,-85,-65,20,3408.96,524287,4095,1,24.82584,102.85102,2001,166,1970,31,286.59,288.26,175.3,-6.15,16
-68,-89,-47,89,3408.96,524287,4095,1,24.82584,102.85102,2001,167,1970,31,286.59,288.26,175.3,-6.15,16
-68,-89,-45,89,3408.96,524287,4095,1,24.82584,102.85102,2001,168,1970,31,286.59,288.26,175.3,-6.15,16
-70,-91,-54,90,3408.96,524287,4095,1,24.82584,102.85102,2001,169,1970,31,286.59,288.26,175.3,-6.15,16
-70,-91,-47,90,3408.96,524287,4095,1,24.82584,102.85102,2001,170,1970,31,286.59,288.26,175.3,-6.15,16
-69,-85,-54,85,3408.96,524287,4095,1,24.82584,102.85102,2001,171,1970,31,286.59,288.26,175.3,-6.15,16
-69,-85,-48,85,3408.96,524287,4095,1,24.82584,102.85102,2001,172,1970,31,286.59,288.26,175.3,-6.15,16
-64,-87,-42,79,3408.96,524287,4095,1,24.82584,102.85102,2001,173,1970,31,286.59,288.26,175.3,-6.15,16
-64,-87,-40,79,3408.96,524287,4095,1,24.82584,102.85102,2001,174,1970,31,286.59,288.26,175.3,-6.15,16
-63,-79,-39,73,3408.96,524287,4095,1,24.82584,102.85102,2001,175,1970,31,286.59,288.26,175.3,-6.15,16
-63,-79,-43,73,3408.96,524287,4095,1,24.82584,102.85102,2001,176,1970,31,286.59,288.26,175.3,-6.15,16
-64,-86,-41,78,3408.96,524287,4095,1,24.82584,102.85102,2001,177,1970,31,286.59,288.26,175.3,-6.15,16
-64,-86,-47,78,3408.96,524287,4095,1,24.82584,102.85102,2001,178,1970,31,286.59,288.26,175.3,-6.15,16
-63,-88,-40,72,3408.96,524287,4095,1,24.82584,102.85102,2001,179,1970,31,286.59,288.26,175.3,-6.15,16
-63,-88,-40,72,3408.96,524287,4095,1,24.82584,102.85102,2001,180,1970,31,286.59,288.26,175.3,-6.15,16
-65,-88,-48,80,3408.96,524287,4095,1,24.82584,102.85102,2001,181,1970,31,286.59,288.26,175.3,-6.15,16
-65,-88,-46,80,3408.96,524287,4095,1,24.82584,102.85102,2001,182,1970,31,286.59,288.26,175.3,-6.15,16
-65,-88,-46,78,3408.96,524287,4095,1,24.82584,102.85102,2001,183,1970,31,286.59,288.26,175.3,-6.15,16
-65,-88,-50,78,3408.96,524287,4095,1,24.82584,102.85102,2001,184,1970,31,286.59,288.26,175.3,-6.15,16
-68,-89,-49,86,3408.96,524287,4095,1,24.82584,102.85102,2001,185,1970,31,286.59,288.26,175.3,-6.15,16
-68,-89,-44,86,3408.96,524287,4095,1,24.82584,102.85102,2001,186,1970,31,286.59,288.26,175.3,-6.15,16
-67,-86,-47,72,3408.96,524287,4095,1,24.82584,102.85102,2001,187,1970,31,286.59,288.26,175.3,-6.15,16
-67,-86,-50,72,3408.96,524287,4095,1,24.82584,102.85102,2001,188,1970,31,286.59,288.26,175.3,-6.15,16
-68,-83,-53,85,3408.96,524287,4095,1,24.82584,102.85102,2001,189,1970,31,286.59,288.26,175.3,-6.15,16
-68,-83,-47,85,3408.96,524287,4095,1,24.82584,102.85102,2001,190,1970,31,286.59,288.26,175.3,-6.15,16
-58,-83,-42,54,3408.96,524287,4095,1,24.82584,102.85102,2001,191,1970,31,286.59,288.26,175.3,-6.15,16
-58,-83,-38,54,3408.96,524287,4095,1,24.82584,102.85102,2001,192,1970,31,286.59,288.26,175.3,-6.15,16
-86,-83,-67,7,3408.96,524287,4095,1,24.82584,102.85102,2001,193,1970,31,286.59,288.26,175.3,-6.15,16
-61,-85,-37,71,3408.96,524287,4095,1,24.82584,102.85102,2001,194,1970,31,286.59,288.26,175.3,-6.15,16
-61,-80,-39,73,3408.96,524287,4095,1,24.82584,102.85102,2001,195,1970,31,286.59,288.26,175.3,-6.15,16
-61,-80,-45,73,3408.96,524287,4095,1,24.82584,102.85102,2001,196,1970,31,286.59,288.26,175.3,-6.15,16
-65,-86,-44,75,3408.96,524287,4095,1,24.82584,102.85102,2001,197,1970,31,286.59,288.26,175.3,-6.15,16
-65,-86,-45,75,3408.96,524287,4095,1,24.82584,102.85102,2001,198,1970,31,286.59,288.26,175.3,-6.15,16
-63,-82,-39,71,3408.96,524287,4095,1,24.82584,102.85102,2001,199,1970,31,286.59,288.26,175.3,-6.15,16
-63,-82,-41,71,3408.96,524287,4095,1,24.82584,102.85102,2001,200,1970,31,286.59,288.26,175.3,-6.15,16
-60,-76,-44,51,3408.96,524287,4095,1,24.82584,102.85102,2001,201,1970,31,286.59,288.26,175.3,-6.15,16
-60,-76,-43,51,3408.96,524287,4095,1,24.82584,102.85102,2001,202,1970,31,286.59,288.26,175.3,-6.15,16
-65,-84,-49,59,3408.96,524287,4095,1,24.82584,102.85102,2001,203,1970,31,286.59,288.26,175.3,-6.15,16
-65,-84,-46,59,3408.96,524287,4095,1,24.82584,102.85102,2001,204,1970,31,286.59,288.26,175.3,-6.15,16
-73,-85,-56,76,3408.96,524287,4095,1,24.82584,102.85102,2001,205,1970,31,286.59,288.26,175.3,-6.15,16
-62,-79,-45,68,3509.76,524287,4095,1,24.82584,102.85102,2001,206,1970,31,286.59,288.26,175.3,-6.15,16
-62,-79,-42,68,3509.76,524287,4095,1,24.82584,102.85102,2001,207,1970,31,286.59,288.26,175.3,-6.15,16
-62,-85,-47,69,3509.76,524287,4095,1,24.82584,102.85102,2001,208,1970,31,286.59,288.26,175.3,-6.15,16
-62,-85,-40,69,3509.76,524287,4095,1,24.827868,102.849648,2001,209,1975,26,132.25,134.78,244.55,-11.13,16
-62,-85,-47,69,3509.76,524287,4095,1,24.827843,102.849672,2001,210,1974,27,131.43,134.17,243.07,-11.61,16
-61,-84,-39,67,3509.76,524287,4095,1,24.827877,102.849675,2001,211,1975,26,129.37,131.96,244.39,-11.37,16
-61,-84,-41,67,3509.76,524287,4095,1,24.8279,102.849668,2001,212,1975,26,128.84,131.44,245.48,-11.42,16
-58,-76,-36,64,3509.76,524287,4095,1,24.827913,102.849668,2001,213,1975,26,128.2,130.81,246.02,-11.47,16
-58,-74,-35,66,3509.76,524287,4095,1,24.827913,102.849668,2001,214,1975,26,128.2,130.81,246.02,-11.47,16
-58,-74,-37,66,3509.76,524287,4095,1,24.827925,102.849677,2001,215,1975,26,126.8,129.44,246.36,-11.6,16
-58,-74,-35,66,3509.76,524287,4095,1,24.827925,102.849677,2001,216,1975,26,126.8,129.44,246.36,-11.6,16
-64,-79,-40,75,3509.76,524287,4095,1,24.827947,102.849665,2001,217,1975,26,126.87,129.51,247.52,-11.59,16
-64,-79,-48,75,3509.76,524287,4095,1,24.827958,102.849662,2001,218,1975,26,126.65,129.29,248.04,-11.61,16
-59,-80,-34,74,3509.76,524287,4095,1,24.827968,102.84966,2001,219,1975,26,126.39,129.04,248.51,-11.63,16
-59,-80,-42,74,3509.76,524287,4095,1,24.82798,102.849655,2001,220,1975,26,126.34,128.99,249.11,-11.64,16
-57,-74,-42,67,3509.76,524287,4095,1,24.82799,102.849652,2001,221,1975,26,126.19,128.84,249.6,-11.65,16
-57,-74,-40,67,3509.76,524287,4095,1,24.828007,102.849643,2001,222,1975,26,126.34,128.99,250.48,-11.64,16
-59,-71,-44,66,3408.96,524287,4095,1,24.828018,102.849637,2001,223,1975,26,126.47,129.11,251.05,-11.63,16
-57,-80,-33,64,3408.96,524287,4095,1,24.828027,102.84963,2001,224,1975,26,126.79,129.43,251.55,-11.6,16
-57,-80,-41,64,3408.96,524287,4095,1,24.828037,102.849622,2001,225,1975,26,127.18,129.81,252.1,-11.57,16
-57,-80,-38,64,3408.96,524287,4095,1,24.828047,102.849615,2001,226,1975,26,127.48,130.1,252.64,-11.54,16
-57,-72,-42,64,3408.96,524287,4095,1,24.828058,102.849612,2001,227,1975,26,127.38,130.01,253.16,-11.55,16
-57,-72,-35,64,3408.96,524287,4095,1,24.82807,102.849602,2001,228,1975,26,127.93,130.55,253.82,-11.5,16
-58,-70,-37,65,3408.96,524287,4095,1,24.828083,102.849593,2001,229,1975,26,128.37,130.98,254.5,-11.46,16
-58,-70,-41,65,3408.96,524287,4095,1,24.828095,102.849588,2001,230,1975,26,128.48,131.08,255.08,-11.45,16
-58,-68,-43,65,3408.96,524287,4095,1,24.828115,102.849565,2001,231,1975,26,130.12,132.69,256.21,-11.31,16
-58,-68,-41,65,3408.96,524287,4095,1,24.828122,102.849557,2001,232,1975,26,130.7,133.26,256.6,-11.27,16
-53,-69,-34,58,3408.96,524287,4095,1,24.828128,102.849547,2001,233,1975,26,131.51,134.06,256.96,-11.2,16
-106,-8,-84,4,3408.96,524287,4095,1,24.828133,102.849537,2001,234,1977,24,132.36,134.52,257.28,-10.29,16
-51,-67,-33,56,3408.96,524287,4095,1,24.828143,102.849528,2001,235,1977,24,132.98,135.13,257.79,-10.24,16
-51,-67,-31,56,3408.96,524287,4095,1,24.828153,102.849518,2001,236,1977,24,133.72,135.86,258.31,-10.19,16
-51,-60,-31,53,3408.96,524287,4095,1,24.828162,102.849513,2001,237,1977,24,133.99,136.12,258.73,-10.17,16
-51,-60,-27,53,3408.96,524287,4095,1,24.82817,102.849507,2001,238,1977,24,134.4,136.53,259.12,-10.14,16
-48,-64,-25,48,3408.96,524287,4095,1,24.828178,102.849498,2001,239,1977,24,135.11,137.23,259.53,-10.09,16
-48,-64,-33,48,3408.96,524287,4095,1,24.828185,102.84949,2001,240,1977,24,135.76,137.87,259.89,-10.04,16
-47,-67,-31,48,3408.96,524287,4095,1,24.828188,102.849467,2001,241,1977,24,137.98,140.05,260.18,-9.88,16
-48,-67,-30,47,3408.96,524287,4095,1,24.828188,102.849467,2001,242,1977,24,137.98,140.05,260.18,-9.88,16
-48,-67,-29,47,3408.96,524287,4095,1,24.828202,102.849458,2001,243,1977,24,138.59,140.65,260.83,-9.84,16
-52,-71,-36,48,3408.96,524287,4095,1,24.828202,102.849458,2001,244,1977,24,138.59,140.65,260.83,-9.84,16
-52,-71,-27,48,3408.96,524287,4095,1,24.828215,102.84945,2001,245,1977,24,139.15,141.2,261.42,-9.8,16
-52,-71,-34,48,3408.96,524287,4095,1,24.828227,102.849442,2001,246,1977,24,139.73,141.78,261.96,-9.76,16
-52,-75,-37,52,3408.96,524287,4095,1,24.828235,102.84943,2001,247,1977,24,140.8,142.83,262.35,-9.69,16
-52,-75,-32,52,3408.96,524287,4095,1,24.828243,102.849425,2001,248,1977,24,141.18,143.21,262.71,-9.66,16
-50,-67,-32,47,3408.96,524287,4095,1,24.828252,102.849413,2001,249,1977,24,142.24,144.25,263.13,-9.59,16
-50,-67,-30,47,3408.96,524287,4095,1,24.828257,102.849403,2001,250,1977,24,143.17,145.17,263.38,-9.53,16
-51,-65,-32,52,3408.96,524287,4095,1,24.828258,102.849393,2001,251,1977,24,144.16,146.14,263.47,-9.47,16
-106,-13,-87,-2,3408.96,524287,4095,1,24.82827,102.849373,2001,252,1977,24,146.01,147.97,264.03,-9.35,16
-58,-80,-43,65,3408.96,524287,4095,1,24.828303,102.849357,2001,253,1977,24,147.25,149.19,265.39,-9.27,16
-58,-80,-36,65,3408.96,524287,4095,1,24.828315,102.849353,2001,254,1977,24,147.54,149.48,265.87,-9.25,16
-55,-77,-31,55,3408.96,524287,4095,1,24.828323,102.849347,2001,255,1977,24,148.08,150.01,266.2,-9.22,16
-55,-77,-39,55,3408.96,524287,4095,1,24.828333,102.84934,2001,256,1977,24,148.71,150.63,266.61,-9.18,16
-50,-65,-32,50,3408.96,524287,4095,1,24.828343,102.849333,2001,257,1977,24,149.35,151.27,267.01,-9.14,16
-50,-65,-30,50,3408.96,524287,4095,1,24.828353,102.849325,2001,258,1977,24,150.1,152.01,267.41,-9.1,16
-54,-70,-33,58,3408.96,524287,4095,1,24.828372,102.849312,2001,259,1977,24,151.32,153.21,268.16,-9.03,16
-54,-70,-37,58,3408.96,524287,4095,1,24.828385,102.849307,2001,260,1977,24,151.79,153.68,268.66,-9,16
-53,-67,-34,55,3408.96,524287,4095,1,24.82842,102.849288,2001,261,1979,22,153.66,155.23,270,-8.16,16
-53,-67,-37,55,3408.96,524287,4095,1,24.82843,102.84928,2001,262,1979,22,154.47,156.03,270.37,-8.12,16
-51,-63,-28,52,3408.96,524287,4095,1,24.828438,102.849272,2001,263,1979,22,155.29,156.84,270.67,-8.08,16
-51,-63,-30,52,3408.96,524287,4095,1,24.828448,102.849265,2001,264,1979,22,156.01,157.55,271.04,-8.04,16
-54,-66,-32,53,3408.96,524287,4095,1,24.828457,102.849258,2001,265,1979,22,156.74,158.28,271.37,-8,16
-99,-10,-81,53,3408.96,524287,4095,1,24.828457,102.849258,2001,266,1979,22,156.74,158.28,271.37,-8,16
-53,-76,-31,51,3408.96,524287,4095,1,24.828493,102.849228,2001,267,1979,22,159.93,161.44,272.65,-7.85,16
-53,-76,-32,51,3408.96,524287,4095,1,24.828505,102.849223,2001,268,1979,22,160.5,162,273.07,-7.82,16
-54,-80,-29,58,3408.96,524287,4095,1,24.828505,102.849223,2001,269,1979,22,160.5,162,273.07,-7.82,16
-54,-80,-31,58,3408.96,524287,4095,1,24.828505,102.849223,2001,270,1979,22,160.5,162,273.07,-7.82,16
-54,-76,-39,56,3408.96,524287,4095,1,24.828505,102.849223,2001,271,1979,22,160.5,162,273.07,-7.82,16
-54,-76,-31,56,3408.96,524287,4095,1,24.828515,102.849212,2001,272,1979,22,161.68,163.17,273.41,-7.76,16
-54,-76,-39,56,3408.96,524287,4095,1,24.828527,102.849202,2001,273,1979,22,162.78,164.26,273.81,-7.71,16
-56,-84,-35,60,3408.96,524287,4095,1,24.828547,102.849183,2001,274,1979,22,164.87,166.33,274.47,-7.61,16
-56,-84,-33,60,3408.96,524287,4095,1,24.828555,102.849175,2001,275,1979,22,165.76,167.21,274.73,-7.57,16
-58,-86,-33,68,3408.96,524287,4095,1,24.828565,102.849168,2001,276,1979,22,166.56,168.01,275.05,-7.54,16
-58,-86,-38,68,3408.96,524287,4095,1,24.828575,102.849158,2001,277,1979,22,167.68,169.12,275.37,-7.49,16
-60,-87,-36,70,3408.96,524287,4095,1,24.828585,102.849148,2001,278,1979,22,168.8,170.23,275.68,-7.44,16
-60,-87,-43,70,3408.96,524287,4095,1,24.828595,102.849138,2001,279,1979,22,169.93,171.35,275.98,-7.39,16
-62,-88,-41,68,3408.96,524287,4095,1,24.828602,102.849128,2001,280,1979,22,171.02,172.43,276.18,-7.34,16
-92,-88,-72,15,3408.96,524287,4095,1,24.828607,102.84912,2001,281,1979,22,171.89,173.29,276.32,-7.31,16
-62,-85,-46,60,3408.96,524287,4095,1,24.828607,102.84912,2001,282,1979,22,171.89,173.29,276.32,-7.31,16
-62,-85,-44,60,3408.96,524287,4095,1,24.828617,102.849103,2001,283,1979,22,173.73,175.12,276.59,-7.23,16
-61,-84,-40,69,3408.96,524287,4095,1,24.828617,102.849103,2001,284,1979,22,173.73,175.12,276.59,-7.23,16
-61,-84,-38,69,3408.96,524287,4095,1,24.828645,102.849085,2001,285,1979,22,175.95,177.32,277.44,-7.14,16
-64,-88,-49,74,3408.96,524287,4095,1,24.828655,102.849077,2001,286,1979,22,176.91,178.27,277.73,-7.1,16
-64,-88,-41,74,3408.96,524287,4095,1,24.828663,102.849072,2001,287,1982,19,177.54,178.55,277.97,-6.12,16
-64,-86,-41,77,3408.96,524287,4095,1,24.828663,102.849072,2001,288,1982,19,177.54,178.55,277.97,-6.12,16
-64,-86,-49,77,3408.96,524287,4095,1,24.828677,102.849058,2001,289,1982,19,179.18,180.18,278.35,-6.06,16
-67,-88,-46,78,3408.96,524287,4095,1,24.828687,102.849048,2001,290,1982,19,180.36,181.36,278.63,-6.02,16
-67,-88,-47,78,3408.96,524287,4095,1,24.828695,102.84904,2001,291,1982,19,181.3,182.29,278.84,-5.99,16
-65,-86,-42,77,3408.96,524287,4095,1,24.8287,102.849028,2001,292,1982,19,182.59,183.58,278.94,-5.95,16
-65,-86,-47,77,3408.96,524287,4095,1,24.828703,102.849018,2001,293,1982,19,183.65,184.63,278.98,-5.92,16
-67,-86,-44,80,3408.96,524287,4095,1,24.828708,102.848997,2001,294,1982,19,185.83,186.8,279.04,-5.85,16
-67,-86,-51,80,3408.96,524287,4095,1,24.828702,102.848988,2001,295,1982,19,186.62,187.58,278.81,-5.82,16
-71,-86,-56,85,3408.96,524287,4095,1,24.8287,102.848977,2001,296,1982,19,187.68,188.64,278.69,-5.79,16
-71,-88,-55,91,3408.96,524287,4095,1,24.8287,102.848977,2001,297,1982,19,187.68,188.64,278.69,-5.79,16
-71,-88,-51,91,3408.96,524287,4095,1,24.828698,102.84896,2001,298,1982,19,189.33,190.28,278.56,-5.74,16
-87,-88,-69,19,3408.96,524287,4095,1,24.828698,102.84896,2001,299,1982,19,189.33,190.28,278.56,-5.74,16
-69,-87,-47,80,3408.96,524287,4095,1,24.828692,102.848943,2001,300,1982,19,190.92,191.86,278.3,-5.69,16
-69,-87,-51,80,3408.96,524287,4095,1,24.828688,102.848933,2001,301,1980,21,191.85,193,278.13,-6.26,16
-68,-87,-47,81,3408.96,524287,4095,1,24.828685,102.848922,2001,302,1980,21,192.9,194.04,278,-6.22,16
-68,-87,-51,81,3408.96,524287,4095,1,24.82868,102.848912,2001,303,1980,21,193.82,194.95,277.81,-6.19,16
-75,-91,-57,96,3408.96,524287,4095,1,24.828665,102.848893,2001,304,1980,21,195.48,196.6,277.29,-6.14,16
-75,-91,-56,96,3408.96,524287,4095,1,24.828657,102.848878,2001,305,1977,24,196.86,198.32,277,-6.96,16
-72,-87,-55,88,3408.96,524287,4095,1,24.828648,102.848865,2001,306,1977,24,198.03,199.48,276.69,-6.92,16
-72,-87,-48,88,3408.96,524287,4095,1,24.828642,102.848852,2001,307,1977,24,199.25,200.69,276.48,-6.88,16
-74,-89,-52,93,3408.96,524287,4095,1,24.828637,102.848838,2001,308,1977,24,200.59,202.02,276.29,-6.83,16
-74,-89,-53,93,3408.96,524287,4095,1,24.828632,102.848825,2001,309,1977,24,201.83,203.25,276.1,-6.79,16
-77,-89,-56,96,3408.96,524287,4095,1,24.828625,102.848813,2001,310,1977,24,202.95,204.36,275.87,-6.76,16
-77,-89,-60,96,3408.96,524287,4095,1,24.82862,102.848802,2001,311,1977,24,203.99,205.4,275.69,-6.72,16
-78,-90,-59,95,3408.96,524287,4095,1,24.828613,102.84879,2001,312,1977,24,205.12,206.52,275.46,-6.68,16
-75,-88,-58,88,3408.96,524287,4095,1,24.828613,102.84879,2001,313,1977,24,205.12,206.52,275.46,-6.68,16
-75,-88,-59,88,3408.96,524287,4095,1,24.828608,102.848775,2001,314,1977,24,206.57,207.96,275.28,-6.64,16
-75,-88,-52,88,3408.96,524287,4095,1,24.828605,102.848758,2001,315,1977,24,208.24,209.62,275.16,-6.59,16
-74,-86,-58,89,3408.96,524287,4095,1,24.828602,102.848748,2001,316,1977,24,209.22,210.59,275.05,-6.55,16
-74,-86,-52,89,3408.96,524287,4095,1,24.828598,102.848738,2001,317,1977,24,210.18,211.55,274.91,-6.52,16
-76,-86,-54,88,3408.96,524287,4095,1,24.828592,102.848727,2001,318,1977,24,211.23,212.59,274.72,-6.49,16
-76,-86,-53,88,3408.96,524287,4095,1,24.828582,102.848712,2001,319,1977,24,212.64,213.99,274.42,-6.45,16
-79,-90,-56,97,3408.96,524287,4095,1,24.828573,102.848698,2001,320,1977,24,213.97,215.31,274.15,-6.41,16
-79,-90,-61,97,3408.96,524287,4095,1,24.828567,102.848685,2001,321,1977,24,215.23,216.56,273.96,-6.37,16
-77,-88,-61,90,3408.96,524287,4095,1,24.828562,102.848672,2001,322,1977,24,216.5,217.83,273.8,-6.34,16
-77,-88,-58,90,3408.96,524287,4095,1,24.828557,102.848662,2001,323,1977,24,217.47,218.79,273.65,-6.31,16
-81,-89,-58,98,3408.96,524287,4095,1,24.828543,102.84864,2001,324,1977,24,219.59,220.9,273.25,-6.25,16
-81,-89,-59,98,3408.96,524287,4095,1,24.828537,102.848628,2001,325,1977,24,220.76,222.06,273.07,-6.22,16
-82,-89,-63,98,3408.96,524287,4095,1,24.828532,102.848618,2001,326,1977,24,221.73,223.03,272.93,-6.19,16
-74,-89,-52,24,3408.96,524287,4095,1,24.828523,102.848608,2001,327,1977,24,222.69,223.98,272.68,-6.16,16
-85,-91,-69,98,3408.96,524287,4095,1,24.828518,102.848598,2001,328,1977,24,223.67,224.95,272.54,-6.13,16
-85,-91,-68,98,3408.96,524287,4095,1,24.828512,102.848587,2001,329,1977,24,224.75,226.03,272.37,-6.11,16
-81,-89,-61,98,3408.96,524287,4095,1,24.828507,102.848573,2001,330,1977,24,226.14,227.41,272.23,-6.07,16
-81,-89,-60,98,3408.96,524287,4095,1,24.828503,102.848563,2001,331,1977,24,227.13,228.39,272.12,-6.04,16
-78,-87,-55,94,3408.96,524287,4095,1,24.828497,102.848553,2001,332,1977,24,228.12,229.38,271.96,-6.02,16
-78,-87,-57,94,3408.96,524287,4095,1,24.828485,102.848535,2001,333,1977,24,229.89,231.14,271.64,-5.97,16
-82,-89,-63,96,3408.96,524287,4095,1,24.828478,102.848523,2001,334,1977,24,231.08,232.32,271.45,-5.94,16
-82,-89,-66,96,3408.96,524287,4095,1,24.828468,102.848513,2001,335,1977,24,232.06,233.3,271.2,-5.91,16
-81,-89,-59,94,3408.96,524287,4095,1,24.82846,102.848505,2001,336,1977,24,232.85,234.08,271,-5.89,16
-81,-89,-60,94,3408.96,524287,4095,1,24.828453,102.848497,2001,337,1977,24,233.65,234.88,270.82,-5.87,16
-84,-90,-65,100,3408.96,524287,4095,1,24.828453,102.848497,2001,338,1977,24,233.65,234.88,270.82,-5.87,16
-84,-90,-61,100,3408.96,524287,4095,1,24.82844,102.848482,2001,339,1977,24,235.15,236.37,270.49,-5.84,16
-83,-89,-61,93,3408.96,524287,4095,1,24.82843,102.848473,2001,340,1977,24,236.05,237.27,270.25,-5.82,16
-83,-89,-63,93,3408.96,524287,4095,1,24.82842,102.848467,2001,341,1977,24,236.65,237.86,270,-5.8,16
-83,-90,-68,99,3408.96,524287,4095,1,24.8284,102.848452,2001,342,1977,24,238.18,239.39,269.51,-5.76,16
-83,-90,-68,99,3408.96,524287,4095,1,24.828387,102.848443,2001,343,1975,26,239.11,240.52,269.2,-6.22,16
-84,-89,-62,98,3408.96,524287,4095,1,24.828377,102.848438,2001,344,1975,26,239.63,241.04,268.96,-6.2,16
-73,-89,-48,26,3408.96,524287,4095,1,24.828362,102.848432,2001,345,1975,26,240.28,241.68,268.6,-6.19,16
-86,-88,-70,98,3408.96,524287,4095,1,24.828352,102.848428,2001,346,1975,26,240.71,242.11,268.36,-6.18,16
-86,-88,-65,98,3408.96,524287,4095,1,24.82834,102.848423,2001,347,1975,26,241.26,242.66,268.08,-6.16,16
-89,-88,-71,101,3408.96,524287,4095,1,24.828327,102.848417,2001,348,1975,26,241.93,243.32,267.77,-6.14,16
-89,-88,-66,101,3408.96,524287,4095,1,24.828313,102.848408,2001,349,1975,26,242.91,244.3,267.45,-6.12,16
-83,-88,-60,98,3408.96,524287,4095,1,24.828302,102.848402,2001,350,1975,26,243.57,244.95,267.19,-6.1,16
-83,-88,-64,98,3408.96,524287,4095,1,24.828292,102.848397,2001,351,1975,26,244.14,245.52,266.96,-6.09,16
-86,-89,-62,97,3408.96,524287,4095,1,24.828292,102.848397,2001,352,1975,26,244.14,245.52,266.96,-6.09,16
-86,-89,-66,97,3408.96,524287,4095,1,24.828273,102.848393,2001,353,1975,26,244.67,246.05,266.52,-6.08,16
-85,-87,-64,96,3408.96,524287,4095,1,24.828253,102.84839,2001,354,1975,26,245.13,246.51,266.05,-6.06,16
-85,-87,-70,96,3408.96,524287,4095,1,24.82824,102.848388,2001,355,1975,26,245.45,246.82,265.75,-6.06,16
-86,-86,-64,99,3408.96,524287,4095,1,24.828228,102.848388,2001,356,1975,26,245.56,246.93,265.46,-6.05,16
-86,-86,-63,99,3408.96,524287,4095,1,24.828218,102.848392,2001,357,1975,26,245.26,246.63,265.22,-6.06,16
-86,-83,-65,97,3408.96,524287,4095,1,24.828218,102.848392,2001,358,1975,26,245.26,246.63,265.22,-6.06,16
-86,-83,-61,97,3408.96,524287,4095,1,24.828207,102.8484,2001,359,1975,26,244.57,245.95,264.95,-6.08,16
-92,-86,-76,104,3408.96,524287,4095,1,24.828192,102.848417,2001,360,1975,26,243.02,244.41,264.55,-6.12,16
-92,-86,-71,104,3408.96,524287,4095,1,24.828185,102.848425,2001,361,1975,26,242.3,243.69,264.37,-6.13,16
-89,-86,-74,87,3408.96,524287,4095,1,24.828178,102.848433,2001,362,1975,26,241.58,242.98,264.18,-6.15,16
-64,-86,-49,23,3408.96,524287,4095,1,24.828168,102.84844,2001,363,1975,26,241,242.4,263.93,-6.17,16
-96,-89,-72,100,3408.96,524287,4095,1,24.82816,102.848447,2001,364,1975,26,240.4,241.8,263.72,-6.18,16
-94,-89,-78,98,3408.96,524287,4095,1,24.82816,102.848447,2001,365,1975,26,240.4,241.8,263.72,-6.18,16
-94,-89,-72,98,3408.96,524287,4095,1,24.828143,102.848458,2001,366,1975,26,239.53,240.94,263.28,-6.2,16
-94,-89,-74,98,3408.96,524287,4095,1,24.82813,102.848465,2001,367,1973,28,239.02,240.65,262.94,-6.69,16
-91,-88,-70,102,3408.96,524287,4095,1,24.82812,102.84847,2001,368,1973,28,238.67,240.31,262.69,-6.7,16
-91,-88,-73,102,3408.96,524287,4095,1,24.828112,102.848477,2001,369,1973,28,238.1,239.74,262.47,-6.72,16
-94,-91,-72,98,3408.96,524287,4095,1,24.828097,102.848483,2001,370,1973,28,237.74,239.38,262.09,-6.73,16
-94,-91,-76,98,3408.96,524287,4095,1,24.828088,102.848492,2001,371,1973,28,237,238.65,261.84,-6.75,16
-98,-91,-77,96,3408.96,524287,4095,1,24.828077,102.848503,2001,372,1973,28,236.09,237.74,261.54,-6.77,16
-98,-91,-81,96,3408.96,524287,4095,1,24.828067,102.848513,2001,373,1973,28,235.27,236.93,261.26,-6.8,16
-87,-89,-65,97,3408.96,524287,4095,1,24.828057,102.848523,2001,374,1973,28,234.46,236.13,260.97,-6.82,16
-87,-89,-64,97,3408.96,524287,4095,1,24.828048,102.848537,2001,375,1973,28,233.24,234.91,260.7,-6.86,16
-85,-87,-61,100,3408.96,524287,4095,1,24.828042,102.848545,2001,376,1973,28,232.57,234.25,260.52,-6.88,16
-85,-87,-61,100,3408.96,524287,4095,1,24.828033,102.848552,2001,377,1973,28,232.05,233.73,260.27,-6.89,16
-93,-89,-74,104,3408.96,524287,4095,1,24.828025,102.848557,2001,378,1973,28,231.72,233.41,260.05,-6.9,16
-93,-89,-71,104,3408.96,524287,4095,1,24.828002,102.848565,2001,379,1973,28,231.42,233.11,259.44,-6.91,16
-99,-91,-84,106,3408.96,524287,4095,1,24.82799,102.848568,2001,380,1973,28,231.4,233.09,259.13,-6.91,16
-58,-91,-40,29,3408.96,524287,4095,1,24.82798,102.848575,2001,381,1973,28,230.94,232.63,258.85,-6.92,16
-101,-91,-76,108,3408.96,524287,4095,1,24.82797,102.84858,2001,382,1973,28,230.68,232.37,258.58,-6.93,16
-97,-89,-75,106,3408.96,524287,4095,1,24.82797,102.84858,2001,383,1973,28,230.68,232.37,258.58,-6.93,16
-97,-89,-81,106,3408.96,524287,4095,1,24.827955,102.84859,2001,384,1973,28,230.06,231.76,258.16,-6.95,16
-97,-89,-82,106,3408.96,524287,4095,1,24.827943,102.848595,2001,385,1973,28,229.87,231.57,257.84,-6.95,16
-98,-89,-81,104,3408.96,524287,4095,1,24.827935,102.848602,2001,386,1973,28,229.38,231.08,257.6,-6.97,16
-98,-89,-77,104,3408.96,524287,4095,1,24.827917,102.848617,2001,387,1973,28,228.39,230.1,257.07,-7,16
-97,-89,-73,106,3408.96,524287,4095,1,24.827908,102.848622,2001,388,1973,28,228.14,229.85,256.82,-7.01,16
-97,-89,-77,106,3408.96,524287,4095,1,24.827897,102.84863,2001,389,1973,28,227.67,229.39,256.5,-7.02,16
-93,-87,-68,105,3408.96,524287,4095,1,24.827887,102.848637,2001,390,1973,28,227.27,228.99,256.21,-7.03,16
-93,-87,-70,105,3408.96,524287,4095,1,24.827878,102.848643,2001,391,1973,28,226.95,228.67,255.95,-7.04,16
-97,-90,-82,108,3408.96,524287,4095,1,24.827865,102.848645,2001,392,1971,30,227.14,229.11,255.61,-7.53,16
-89,-88,-67,106,3408.96,524287,4095,1,24.827865,102.848645,2001,393,1971,30,227.14,229.11,255.61,-7.53,16
-89,-88,-66,106,3408.96,524287,4095,1,24.827852,102.848655,2001,394,1971,30,226.56,228.54,255.22,-7.55,16
-89,-88,-74,106,3408.96,524287,4095,1,24.827848,102.848675,2001,395,1971,30,224.74,226.73,254.99,-7.61,16
-85,-85,-66,102,3408.96,524287,4095,1,24.827848,102.848675,2001,396,1971,30,224.74,226.73,254.99,-7.61,16
-85,-85,-67,102,3408.96,524287,4095,1,24.827857,102.848685,2001,397,1971,30,223.49,225.49,255.15,-7.65,16
-84,-84,-67,100,3408.96,524287,4095,1,24.827857,102.848685,2001,398,1971,30,223.49,225.49,255.15,-7.65,16
-58,-84,-36,27,3408.96,524287,4095,1,24.82787,102.848702,2001,399,1973,28,221.44,223.2,255.36,-7.22,16
-86,-81,-66,104,3408.96,524287,4095,1,24.82788,102.848707,2001,400,1973,28,220.65,222.42,255.59,-7.24,16
-86,-81,-67,104,3408.96,524287,4095,1,24.827888,102.848715,2001,401,1973,28,219.63,221.41,255.74,-7.27,16
-88,-87,-66,104,3408.96,524287,4095,1,24.8279,102.848722,2001,402,1973,28,218.6,220.39,256,-7.31,16
-88,-87,-69,104,3408.96,524287,4095,1,24.827908,102.84873,2001,403,1973,28,217.59,219.38,256.16,-7.34,16
-81,-82,-66,98,3408.96,524287,4095,1,24.827918,102.84874,2001,404,1973,28,216.32,218.12,256.36,-7.38,16
-81,-82,-56,98,3408.96,524287,4095,1,24.827928,102.84875,2001,405,1973,28,215.06,216.88,256.55,-7.43,16
-86,-87,-69,105,3408.96,524287,4095,1,24.827943,102.848775,2001,406,1973,28,212.2,214.04,256.8,-7.53,16
-86,-87,-64,105,3408.96,524287,4095,1,24.827948,102.848783,2001,407,1973,28,211.28,213.13,256.88,-7.56,16
-85,-84,-69,104,3408.96,524287,4095,1,24.827948,102.848783,2001,408,1973,28,211.28,213.13,256.88,-7.56,16
-87,-86,-69,101,3408.96,524287,4095,1,24.827958,102.8488,2001,409,1973,28,209.34,211.2,257.04,-7.63,16
-87,-86,-62,101,3408.96,524287,4095,1,24.827963,102.848808,2001,410,1973,28,208.42,210.29,257.13,-7.66,16
-83,-80,-60,103,3408.96,524287,4095,1,24.827963,102.848808,2001,411,1973,28,208.42,210.29,257.13,-7.66,16
-83,-80,-66,103,3408.96,524287,4095,1,24.827972,102.848825,2001,412,1973,28,206.51,208.4,257.27,-7.73,16
-83,-80,-62,103,3408.96,524287,4095,1,24.827978,102.848837,2001,413,1973,28,205.18,207.08,257.36,-7.78,16
-85,-85,-65,98,3408.96,524287,4095,1,24.827987,102.848848,2001,414,1973,28,203.86,205.77,257.54,-7.83,16
-86,-83,-68,107,3408.96,524287,4095,1,24.827987,102.848848,2001,415,1973,28,203.86,205.77,257.54,-7.83,16
-86,-83,-68,107,3408.96,524287,4095,1,24.828,102.848877,2001,416,1973,28,200.67,202.61,257.73,-7.95,16
-70,-83,-45,27,3408.96,524287,4095,1,24.828,102.848877,2001,417,1973,28,200.67,202.61,257.73,-7.95,16
-92,-88,-67,104,3408.96,524287,4095,1,24.82801,102.848892,2001,418,1973,28,198.94,200.9,257.92,-8.02,16
-92,-88,-68,104,3408.96,524287,4095,1,24.828018,102.8489,2001,419,1973,28,197.95,199.92,258.1,-8.06,16
-86,-78,-70,100,3408.96,524287,4095,1,24.828018,102.8489,2001,420,1973,28,197.95,199.92,258.1,-8.06,16
-86,-78,-70,100,3408.96,524287,4095,1,24.828025,102.848915,2001,421,1973,28,196.3,198.29,258.21,-8.13,16
-94,-85,-74,105,3408.96,524287,4095,1,24.828025,102.848915,2001,422,1973,28,196.3,198.29,258.21,-8.13,16
-94,-85,-70,105,3408.96,524287,4095,1,24.828033,102.848933,2001,423,1973,28,194.33,196.34,258.34,-8.21,16
-91,-85,-66,106,3408.96,524287,4095,1,24.828035,102.848943,2001,424,1973,28,193.3,195.32,258.34,-8.25,16
-91,-85,-68,106,3408.96,524287,4095,1,24.828047,102.848968,2001,425,1973,28,190.54,192.59,258.54,-8.37,16
-89,-86,-68,105,3408.96,524287,4095,1,24.828055,102.848983,2001,426,1973,28,188.87,190.93,258.69,-8.44,16
-89,-86,-71,105,3408.96,524287,4095,1,24.82806,102.848995,2001,427,1973,28,187.56,189.64,258.77,-8.5,16
-90,-87,-73,105,3408.96,524287,4095,1,24.828065,102.849008,2001,428,1973,28,186.16,188.25,258.84,-8.57,16
-90,-87,-70,105,3408.96,524287,4095,1,24.82807,102.849022,2001,429,1973,28,184.66,186.77,258.91,-8.63,16
-88,-85,-68,105,3408.96,524287,4095,1,24.828078,102.849032,2001,430,1973,28,183.49,185.61,259.1,-8.69,16
-88,-85,-66,105,3408.96,524287,4095,1,24.828085,102.849045,2001,431,1973,28,182.04,184.18,259.24,-8.76,16
-90,-89,-74,107,3408.96,524287,4095,1,24.828095,102.849062,2001,432,1973,28,180.14,182.3,259.46,-8.85,16
-90,-89,-74,107,3408.96,524287,4095,1,24.828102,102.849078,2001,433,1973,28,178.4,180.58,259.58,-8.93,16
-89,-88,-73,106,3408.96,524287,4095,1,24.828105,102.849092,2001,434,1973,28,176.94,179.14,259.6,-9.01,16
-59,-88,-37,31,3408.96,524287,4095,1,24.82811,102.849105,2001,435,1973,28,175.55,177.77,259.68,-9.08,16
-94,-89,-73,108,3408.96,524287,4095,1,24.828113,102.849118,2001,436,1973,28,174.19,176.43,259.7,-9.15,16
-94,-89,-75,108,3408.96,524287,4095,1,24.82812,102.849128,2001,437,1973,28,173.05,175.3,259.88,-9.2,16
-97,-85,-78,108,3408.96,524287,4095,1,24.82812,102.849128,2001,438,1973,28,173.05,175.3,259.88,-9.2,16
-97,-85,-79,108,3408.96,524287,4095,1,24.828143,102.849145,2001,439,1976,25,170.89,172.71,260.54,-8.34,16
-90,-86,-70,106,3408.96,524287,4095,1,24.828152,102.849152,2001,440,1976,25,170.02,171.85,260.81,-8.38,16
-90,-86,-74,106,3408.96,524287,4095,1,24.82816,102.849158,2001,441,1976,25,169.27,171.11,261.05,-8.41,16
-96,-84,-76,107,3408.96,524287,4095,1,24.82816,102.849158,2001,442,1976,25,169.27,171.11,261.05,-8.41,16
-99,-89,-80,106,3408.96,524287,4095,1,24.82816,102.849158,2001,443,1976,25,169.27,171.11,261.05,-8.41,16
-99,-89,-83,106,3408.96,524287,4095,1,24.82816,102.849158,2001,444,1976,25,169.27,171.11,261.05,-8.41,16
-99,-89,-74,106,3408.96,524287,4095,1,24.82816,102.84917,2001,445,1976,25,168.07,169.92,260.98,-8.47,16
-101,-88,-83,107,3408.96,524287,4095,1,24.82816,102.84917,2001,446,1976,25,168.07,169.92,260.98,-8.47,16
-101,-88,-84,107,3408.96,524287,4095,1,24.828162,102.849182,2001,447,1976,25,166.84,168.7,260.98,-8.54,16
-97,-89,-79,104,3408.96,524287,4095,1,24.828162,102.849192,2001,448,1976,25,165.84,167.71,260.93,-8.59,16
-97,-89,-80,104,3408.96,524287,4095,1,24.82815,102.849198,2001,449,1976,25,165.48,167.36,260.48,-8.6,16
-93,-87,-70,104,3408.96,524287,4095,1,24.828138,102.849195,2001,450,1976,25,166.02,167.89,260.08,-8.58,16
-93,-87,-71,104,3408.96,524287,4095,1,24.828125,102.849192,2001,451,1973,28,166.6,168.94,259.65,-9.55,16
-96,-89,-73,107,3408.96,524287,4095,1,24.828108,102.849187,2001,452,1973,28,167.47,169.79,259.11,-9.51,16
-58,-89,-36,30,3408.96,524287,4095,1,24.82809,102.849182,2001,453,1973,28,168.39,170.7,258.53,-9.45,16
-96,-89,-74,106,3408.96,524287,4095,1,24.828067,102.849185,2001,454,1973,28,168.66,170.97,257.73,-9.44,16
-96,-89,-80,106,3408.96,524287,4095,1,24.828045,102.849188,2001,455,1973,28,168.95,171.25,256.97,-9.42,16
-99,-89,-83,106,3408.96,524287,4095,1,24.828025,102.84919,2001,456,1973,28,169.31,171.61,256.28,-9.4,16
-99,-89,-78,106,3408.96,524287,4095,1,24.828012,102.849193,2001,457,1973,28,169.4,171.7,255.82,-9.4,16
-103,-88,-85,106,3408.96,524287,4095,1,24.828,102.849198,2001,458,1973,28,169.27,171.57,255.38,-9.4,16
-96,-88,-74,104,3408.96,524287,4095,1,24.828,102.849198,2001,459,1973,28,169.27,171.57,255.38,-9.4,16
-96,-88,-78,104,3408.96,524287,4095,1,24.827988,102.849208,2001,460,1973,28,168.67,170.98,254.89,-9.44,16
-101,-87,-81,106,3408.96,524287,4095,1,24.827988,102.849208,2001,461,1973,28,168.67,170.98,254.89,-9.44,16
-101,-87,-76,106,3408.96,524287,4095,1,24.82796,102.849208,2001,462,1973,28,169.58,171.88,253.96,-9.39,16
-101,-87,-77,106,3408.96,524287,4095,1,24.827943,102.849203,2001,463,1973,28,170.64,172.92,253.45,-9.33,16
-100,-88,-77,107,3408.96,524287,4095,1,24.827932,102.849208,2001,464,1973,28,170.54,172.82,253.04,-9.33,16
-100,-88,-82,107,3408.96,524287,4095,1,24.827922,102.849213,2001,465,1973,28,170.41,172.7,252.66,-9.34,16
-101,-90,-77,109,3408.96,524287,4095,1,24.827907,102.849208,2001,466,1973,28,171.44,173.71,252.22,-9.29,16
-96,-87,-80,107,3408.96,524287,4095,1,24.827907,102.849208,2001,467,1973,28,171.44,173.71,252.22,-9.29,16
-96,-87,-74,107,3408.96,524287,4095,1,24.827898,102.849203,2001,468,1973,28,172.24,174.5,251.98,-9.24,16
-96,-87,-74,107,3408.96,524287,4095,1,24.827887,102.849205,2001,469,1973,28,172.47,174.73,251.61,-9.23,16
-99,-89,-80,109,3408.96,524287,4095,1,24.82787,102.849213,2001,470,1973,28,172.36,174.62,250.97,-9.24,16
-58,-89,-34,30,3408.96,524287,4095,1,24.82786,102.849213,2001,471,1971,30,172.76,175.35,250.65,-9.86,16
-97,-90,-75,107,3408.96,524287,4095,1,24.82785,102.84921,2001,472,1971,30,173.44,176.02,250.37,-9.82,16
-95,-88,-75,106,3408.96,524287,4095,1,24.82785,102.84921,2001,473,1971,30,173.44,176.02,250.37,-9.82,16
-95,-88,-73,106,3408.96,524287,4095,1,24.827827,102.84919,2001,474,1971,30,176.26,178.79,249.87,-9.67,16
-95,-88,-74,106,3408.96,524287,4095,1,24.82782,102.849182,2001,475,1971,30,177.3,179.82,249.75,-9.61,16
-92,-87,-70,107,3408.96,524287,4095,1,24.827812,102.849175,2001,476,1971,30,178.29,180.8,249.58,-9.56,16
-94,-86,-76,105,3408.96,524287,4095,1,24.827812,102.849175,2001,477,1971,30,178.29,180.8,249.58,-9.56,16
-94,-86,-77,105,3408.96,524287,4095,1,24.827797,102.849163,2001,478,1971,30,180.04,182.52,249.26,-9.47,16
-94,-86,-77,105,3408.96,524287,4095,1,24.827787,102.849158,2001,479,1971,30,180.94,183.41,249.01,-9.42,16
-90,-82,-74,103,3408.96,524287,4095,1,24.827787,102.849158,2001,480,1971,30,180.94,183.41,249.01,-9.42,16
-89,-82,-65,104,3408.96,524287,4095,1,24.827778,102.84915,2001,481,1971,30,182.07,184.53,248.83,-9.36,16
-89,-82,-72,104,3408.96,524287,4095,1,24.827778,102.84915,2001,482,1971,30,182.07,184.53,248.83,-9.36,16
-89,-82,-69,104,3408.96,524287,4095,1,24.827773,102.849138,2001,483,1971,30,183.4,185.84,248.82,-9.3,16
-89,-83,-65,106,3408.96,524287,4095,1,24.827775,102.849128,2001,484,1971,30,184.25,186.68,249,-9.26,16
-92,-85,-71,105,3408.96,524287,4095,1,24.827775,102.849128,2001,485,1971,30,184.25,186.68,249,-9.26,16
-92,-85,-75,105,3408.96,524287,4095,1,24.827775,102.849128,2001,486,1971,30,184.25,186.68,249,-9.26,16
-92,-85,-72,105,3408.96,524287,4095,1,24.82778,102.849117,2001,487,1971,30,185.06,187.48,249.27,-9.22,16
-93,-83,-77,102,3408.96,524287,4095,1,24.82778,102.849117,2001,488,1971,30,185.06,187.48,249.27,-9.22,16
-58,-83,-41,30,3408.96,524287,4095,1,24.827802,102.849092,2001,489,1971,30,186.49,188.89,250.19,-9.15,16
-91,-85,-66,103,3408.96,524287,4095,1,24.827812,102.849083,2001,490,1971,30,186.93,189.32,250.58,-9.13,16
-91,-85,-75,103,3408.96,524287,4095,1,24.827825,102.849075,2001,491,1971,30,187.18,189.57,251.05,-9.11,16
-94,-81,-72,104,3408.96,524287,4095,1,24.827835,102.849063,2001,492,1971,30,187.93,190.31,251.47,-9.08,16
-94,-81,-75,104,3408.96,524287,4095,1,24.827848,102.849052,2001,493,1971,30,188.48,190.85,251.96,-9.05,16
-94,-87,-75,106,3408.96,524287,4095,1,24.827857,102.849043,2001,494,1971,30,189.01,191.38,252.31,-9.03,16
-94,-87,-74,106,3408.96,524287,4095,1,24.827883,102.849027,2001,495,1973,28,189.61,191.67,253.22,-8.41,16
-95,-86,-79,106,3408.96,524287,4095,1,24.827897,102.849015,2001,496,1973,28,190.29,192.34,253.74,-8.38,16
-95,-86,-73,106,3408.96,524287,4095,1,24.82791,102.849005,2001,497,1973,28,190.82,192.86,254.21,-8.36,16
-93,-85,-72,105,3408.96,524287,4095,1,24.827922,102.848997,2001,498,1973,28,191.2,193.24,254.62,-8.34,16
-93,-85,-73,105,3408.96,524287,4095,1,24.827932,102.848988,2001,499,1973,28,191.76,193.79,254.99,-8.32,16
-91,-86,-72,106,3408.96,524287,4095,1,24.827943,102.848982,2001,500,1973,28,192,194.03,255.36,-8.31,16
-91,-86,-69,106,3408.96,524287,4095,1,24.827955,102.848975,2001,501,1973,28,192.32,194.35,255.77,-8.29,16
-93,-86,-77,106,3408.96,524287,4095,1,24.827968,102.848967,2001,502,1973,28,192.72,194.74,256.21,-8.28,16
-93,-86,-76,106,3408.96,524287,4095,1,24.827992,102.848952,2001,503,1973,28,193.52,195.54,257.01,-8.24,16
-92,-86,-75,105,3408.96,524287,4095,1,24.828,102.848947,2001,504,1973,28,193.8,195.81,257.28,-8.23,16
-92,-86,-70,105,3408.96,524287,4095,1,24.828012,102.848938,2001,505,1973,28,194.37,196.38,257.69,-8.21,16
-87,-84,-72,106,3408.96,524287,4095,1,24.82802,102.84893,2001,506,1973,28,194.95,196.95,257.98,-8.18,16
-63,-84,-44,27,3408.96,524287,4095,1,24.82802,102.84893,2001,507,1973,28,194.95,196.95,257.98,-8.18,16
-87,-83,-66,105,3408.96,524287,4095,1,24.828018,102.848912,2001,508,1973,28,196.77,198.75,258.03,-8.11,16
-84,-79,-61,100,3408.96,524287,4095,1,24.828018,102.848912,2001,509,1973,28,196.77,198.75,258.03,-8.11,16
-84,-79,-60,100,3408.96,524287,4095,1,24.828005,102.848885,2001,510,1973,28,199.76,201.71,257.82,-7.99,16
-84,-79,-60,100,3408.96,524287,4095,1,24.828,102.848877,2001,511,1973,28,200.67,202.61,257.73,-7.95,16
-90,-88,-67,102,3408.96,524287,4095,1,24.827993,102.848868,2001,512,1973,28,201.74,203.67,257.59,-7.91,16
-90,-88,-68,102,3408.96,524287,4095,1,24.827983,102.848863,2001,513,1973,28,202.49,204.42,257.34,-7.88,16
-93,-87,-71,104,3408.96,524287,4095,1,24.827983,102.848863,2001,514,1973,28,202.49,204.42,257.34,-7.88,16
-62,-87,-43,31,3408.96,524287,4095,1,24.827957,102.848842,2001,515,1973,28,205.25,207.15,256.75,-7.78,16
-97,-88,-82,107,3408.96,524287,4095,1,24.827943,102.848833,2001,516,1973,28,206.53,208.42,256.42,-7.73,16
-97,-88,-78,107,3408.96,524287,4095,1,24.827932,102.848827,2001,517,1973,28,207.43,209.31,256.16,-7.7,16
-91,-89,-75,104,3408.96,524287,4095,1,24.82792,102.848818,2001,518,1973,28,208.65,210.52,255.9,-7.65,16
-91,-89,-75,104,3408.96,524287,4095,1,24.827907,102.848812,2001,519,1973,28,209.62,211.48,255.59,-7.62,16
-89,-88,-64,104,3408.96,524287,4095,1,24.827893,102.848803,2001,520,1973,28,210.92,212.77,255.27,-7.57,16
-89,-88,-66,104,3408.96,524287,4095,1,24.827883,102.848793,2001,521,1973,28,212.2,214.04,255.08,-7.53,16
-86,-84,-66,100,3408.96,524287,4095,1,24.827872,102.848785,2001,522,1973,28,213.32,215.15,254.84,-7.49,16
-86,-84,-66,100,3408.96,524287,4095,1,24.827862,102.848758,2001,523,1971,30,216.26,218.33,254.77,-7.91,16
-88,-88,-70,101,3408.96,524287,4095,1,24.827855,102.848743,2001,524,1971,30,217.93,219.99,254.7,-7.85,16
-88,-88,-70,101,3408.96,524287,4095,1,24.82785,102.848728,2001,525,1971,30,219.54,221.58,254.67,-7.79,16
-84,-85,-67,99,3408.96,524287,4095,1,24.827843,102.848713,2001,526,1971,30,221.22,223.24,254.6,-7.73,16
-84,-85,-66,99,3408.96,524287,4095,1,24.827835,102.848698,2001,527,1971,30,222.93,224.94,254.5,-7.67,16
-87,-87,-62,104,3408.96,524287,4095,1,24.827825,102.848683,2001,528,1971,30,224.7,226.69,254.36,-7.61,16
-87,-87,-68,104,3408.96,524287,4095,1,24.827813,102.848668,2001,529,1971,30,226.54,228.52,254.16,-7.55,16
-85,-85,-64,100,3408.96,524287,4095,1,24.827775,102.848612,2001,530,1970,31,233.21,235.26,253.63,-7.58,16
-85,-85,-64,100,3408.96,524287,4095,1,24.827767,102.848603,2001,531,1970,31,234.35,236.39,253.5,-7.54,16
-85,-81,-69,99,3408.96,524287,4095,1,24.827758,102.848595,2001,532,1970,31,235.42,237.45,253.35,-7.51,16
-84,-83,-60,99,3408.96,524287,4095,1,24.827758,102.848595,2001,533,1970,31,235.42,237.45,253.35,-7.51,16
-84,-83,-61,99,3408.96,524287,4095,1,24.827742,102.848588,2001,534,1970,31,236.65,238.67,253.02,-7.47,16
-84,-83,-68,99,3408.96,524287,4095,1,24.82773,102.848583,2001,535,1970,31,237.56,239.57,252.77,-7.44,16
-89,-87,-67,103,3408.96,524287,4095,1,24.827722,102.848578,2001,536,1970,31,238.32,240.33,252.62,-7.42,16
-89,-87,-67,103,3408.96,524287,4095,1,24.827712,102.848573,2001,537,1970,31,239.16,241.16,252.42,-7.39,16
-87,-87,-70,103,3408.96,524287,4095,1,24.827702,102.848568,2001,538,1970,31,240,241.99,252.23,-7.37,16
-86,-83,-67,101,3408.96,524287,4095,1,24.827702,102.848568,2001,539,1970,31,240,241.99,252.23,-7.37,16
-86,-83,-69,101,3408.96,524287,4095,1,24.827692,102.848567,2001,540,1970,31,240.47,242.46,252,-7.35,16
-89,-86,-64,105,3408.96,524287,4095,1,24.827692,102.848567,2001,541,1970,31,240.47,242.46,252,-7.35,16
-89,-86,-69,105,3408.96,524287,4095,1,24.827692,102.848555,2001,542,1970,31,241.61,243.59,252.09,-7.32,16
-89,-86,-65,105,3408.96,524287,4095,1,24.827688,102.848545,2001,543,1970,31,242.71,244.68,252.08,-7.29,16
-91,-86,-67,103,3408.96,524287,4095,1,24.827688,102.848545,2001,544,1970,31,242.71,244.68,252.08,-7.29,16
-91,-86,-74,103,3408.96,524287,4095,1,24.827682,102.848528,2001,545,1970,31,244.55,246.51,252.06,-7.23,16
-87,-81,-68,96,3408.96,524287,4095,1,24.827673,102.848515,2001,546,1970,31,246.13,248.07,251.96,-7.19,16
-95,-86,-78,98,3408.96,524287,4095,1,24.827673,102.848515,2001,547,1970,31,246.13,248.07,251.96,-7.19,16
-95,-86,-78,98,3408.96,524287,4095,1,24.827665,102.848498,2001,548,1970,31,248.04,249.97,251.9,-7.13,16
-95,-86,-71,98,3408.96,524287,4095,1,24.82766,102.84849,2001,549,1970,31,248.99,250.91,251.85,-7.1,16
-92,-86,-70,97,3408.96,524287,4095,1,24.827647,102.848462,2001,550,1970,31,252.14,254.04,251.76,-7.02,16
-92,-86,-68,97,3408.96,524287,4095,1,24.827638,102.848443,2001,551,1970,31,254.29,256.17,251.7,-6.96,16
-95,-83,-72,101,3408.96,524287,4095,1,24.827632,102.848428,2001,552,1970,31,255.94,257.81,251.68,-6.91,16
-95,-83,-79,101,3408.96,524287,4095,1,24.827628,102.848413,2001,553,1970,31,257.52,259.38,251.7,-6.87,16
-91,-82,-73,103,3408.96,524287,4095,1,24.827623,102.8484,2001,554,1970,31,258.94,260.79,251.69,-6.83,16
-91,-82,-72,103,3408.96,524287,4095,1,24.82762,102.848387,2001,555,1970,31,260.29,262.13,251.71,-6.8,16
-87,-85,-65,98,3408.96,524287,4095,1,24.827615,102.848372,2001,556,1970,31,261.9,263.73,251.71,-6.76,16
-65,-85,-46,25,3408.96,524287,4095,1,24.82761,102.84836,2001,557,1970,31,263.23,265.05,251.69,-6.72,16
-83,-83,-63,95,3408.96,524287,4095,1,24.827597,102.848335,2001,558,1968,33,266.1,268.14,251.59,-7.08,16
-83,-83,-62,95,3408.96,524287,4095,1,24.827592,102.848325,2001,559,1967,34,267.24,269.39,251.56,-7.26,16
-86,-84,-65,99,3408.96,524287,4095,1,24.827583,102.848312,2001,560,1967,34,268.82,270.96,251.46,-7.22,16
-86,-84,-70,99,3408.96,524287,4095,1,24.827577,102.8483,2001,561,1967,34,270.18,272.31,251.42,-7.18,16
-75,-73,-50,83,3408.96,524287,4095,1,24.82757,102.848288,2001,562,1967,34,271.59,273.71,251.36,-7.14,16
-75,-73,-55,83,3408.96,524287,4095,1,24.827567,102.848278,2001,563,1967,34,272.65,274.76,251.37,-7.12,16
-80,-85,-56,88,3408.96,524287,4095,1,24.827567,102.848278,2001,564,1967,34,272.65,274.76,251.37,-7.12,16
-80,-85,-63,88,3408.96,524287,4095,1,24.82756,102.848257,2001,565,1967,34,274.91,277,251.37,-7.06,16
-79,-74,-60,91,3408.96,524287,4095,1,24.827557,102.848245,2001,566,1967,34,276.17,278.26,251.39,-7.03,16
-79,-74,-62,91,3408.96,524287,4095,1,24.827553,102.848233,2001,567,1967,34,277.46,279.54,251.39,-6.99,16
-80,-86,-65,96,3408.96,524287,4095,1,24.827533,102.848227,2001,568,1967,34,278.8,280.87,251.03,-6.96,16
-80,-86,-64,96,3408.96,524287,4095,1,24.82752,102.848223,2001,569,1967,34,279.69,281.75,250.8,-6.94,16
-77,-70,-60,79,3408.96,524287,4095,1,24.827505,102.848223,2001,570,1967,34,280.29,282.34,250.51,-6.92,16
-77,-70,-58,79,3408.96,524287,4095,1,24.827488,102.848223,2001,571,1967,34,280.97,283.02,250.17,-6.91,16
-79,-76,-59,81,3408.96,524287,4095,1,24.827477,102.848225,2001,572,1967,34,281.23,283.28,249.94,-6.9,16
-71,-68,-54,68,3408.96,524287,4095,1,24.827477,102.848225,2001,573,1967,34,281.23,283.28,249.94,-6.9,16
-71,-68,-54,68,3408.96,524287,4095,1,24.827458,102.848227,2001,574,1967,34,281.84,283.88,249.56,-6.89,16
-65,-5,-48,18,3408.96,524287,4095,1,24.827437,102.848232,2001,575,1967,34,282.26,284.3,249.11,-6.87,16
-77,-80,-59,85,3408.96,524287,4095,1,24.827423,102.848233,2001,576,1967,34,282.77,284.81,248.83,-6.86,16
-77,-80,-61,85,3408.96,524287,4095,1,24.82741,102.848237,2001,577,1967,34,282.96,285,248.55,-6.86,16
-75,-78,-54,83,3408.96,524287,4095,1,24.827395,102.84824,2001,578,1967,34,283.34,285.37,248.24,-6.85,16
-75,-78,-52,83,3408.96,524287,4095,1,24.827383,102.848243,2001,579,1967,34,283.6,285.63,247.99,-6.84,16
-77,-79,-55,80,3408.96,524287,4095,1,24.827372,102.848245,2001,580,1967,34,283.91,285.94,247.76,-6.83,16
-77,-79,-56,80,3408.96,524287,4095,1,24.827362,102.848245,2001,581,1967,34,284.37,286.4,247.57,-6.82,16
-76,-81,-60,83,3408.96,524287,4095,1,24.827362,102.848245,2001,582,1967,34,284.37,286.4,247.57,-6.82,16
-76,-81,-59,83,3408.96,524287,4095,1,24.827345,102.848243,2001,583,1967,34,285.33,287.35,247.26,-6.8,16
-77,-82,-54,86,3408.96,524287,4095,1,24.827345,102.848243,2001,584,1967,34,285.33,287.35,247.26,-6.8,16
-77,-82,-58,86,3408.96,524287,4095,1,24.827327,102.848238,2001,585,1965,36,286.63,288.88,246.96,-7.16,16
-74,-76,-50,74,3408.96,524287,4095,1,24.827327,102.848238,2001,586,1965,36,286.63,288.88,246.96,-7.16,16
-74,-76,-52,74,3408.96,524287,4095,1,24.827317,102.848238,2001,587,1965,36,287.1,289.35,246.77,-7.15,16
-75,-78,-52,76,3408.96,524287,4095,1,24.827317,102.848238,2001,588,1965,36,287.1,289.35,246.77,-7.15,16
-75,-78,-59,76,3408.96,524287,4095,1,24.82733,102.848243,2001,589,1965,36,286.03,288.29,246.98,-7.18,16
-77,-82,-55,90,3408.96,524287,4095,1,24.82734,102.848238,2001,590,1967,34,286.02,288.03,247.21,-6.78,16
-77,-82,-61,90,3408.96,524287,4095,1,24.827363,102.848232,2001,591,1967,34,285.52,287.54,247.69,-6.8,16
-76,-80,-54,91,3408.96,524287,4095,1,24.827377,102.848228,2001,592,1967,34,285.26,287.28,247.99,-6.8,16
-81,-4,-66,22,3408.96,524287,4095,1,24.827377,102.848228,2001,593,1967,34,285.26,287.28,247.99,-6.8,16
-74,-76,-50,88,3408.96,524287,4095,1,24.827392,102.848223,2001,594,1967,34,285.05,287.07,248.31,-6.81,16
-75,-78,-57,89,3408.96,524287,4095,1,24.827392,102.848223,2001,595,1967,34,285.05,287.07,248.31,-6.81,16
-75,-78,-54,89,3408.96,524287,4095,1,24.827405,102.848227,2001,596,1967,34,284.11,286.14,248.53,-6.83,16
-78,-84,-61,94,3408.96,524287,4095,1,24.827405,102.848227,2001,597,1967,34,284.11,286.14,248.53,-6.83,16
-78,-84,-58,94,3408.96,524287,4095,1,24.827427,102.848233,2001,598,1967,34,282.59,284.63,248.91,-6.87,16
-78,-84,-62,94,3408.96,524287,4095,1,24.827452,102.84824,2001,599,1967,34,280.87,282.92,249.35,-6.91,16
-78,-82,-60,91,3408.96,524287,4095,1,24.827465,102.84824,2001,600,1967,34,280.33,282.38,249.6,-6.92,16
-78,-82,-56,91,3408.96,524287,4095,1,24.827477,102.848242,2001,601,1967,34,279.64,281.7,249.82,-6.94,16
-76,-83,-57,89,3408.96,524287,4095,1,24.827492,102.848242,2001,602,1967,34,279.02,281.08,250.12,-6.95,16
-76,-83,-55,89,3408.96,524287,4095,1,24.827503,102.848242,2001,603,1967,34,278.58,280.65,250.33,-6.97,16
-77,-83,-61,90,3408.96,524287,4095,1,24.827517,102.848242,2001,604,1967,34,278.01,280.08,250.61,-6.98,16
-77,-83,-53,90,3408.96,524287,4095,1,24.82753,102.848242,2001,605,1967,34,277.5,279.58,250.87,-6.99,16
-76,-79,-52,91,3408.96,524287,4095,1,24.827542,102.848243,2001,606,1967,34,276.94,279.02,251.1,-7.01,16
-76,-79,-52,91,3408.96,524287,4095,1,24.827553,102.848247,2001,607,1967,34,276.13,278.22,251.3,-7.03,16
-77,-81,-58,91,3408.96,524287,4095,1,24.827563,102.848248,2001,608,1967,34,275.65,277.74,251.49,-7.04,16
-77,-81,-54,91,3408.96,524287,4095,1,24.827577,102.84825,2001,609,1967,34,274.93,277.02,251.76,-7.06,16
-82,-83,-62,96,3408.96,524287,4095,1,24.82759,102.848255,2001,610,1967,34,273.97,276.07,251.99,-7.08,16
-66,-83,-44,28,3408.96,524287,4095,1,24.82759,102.848255,2001,611,1967,34,273.97,276.07,251.99,-7.08,16
-90,-88,-72,108,3408.96,524287,4095,1,24.827615,102.84826,2001,612,1970,31,272.58,274.34,252.47,-6.5,16
-90,-88,-73,108,3408.96,524287,4095,1,24.827625,102.848262,2001,613,1970,31,272.02,273.78,252.66,-6.51,16
-80,-83,-62,93,3408.96,524287,4095,1,24.827625,102.848262,2001,614,1970,31,272.02,273.78,252.66,-6.51,16
-80,-83,-57,93,3408.96,524287,4095,1,24.827643,102.848262,2001,615,1970,31,271.39,273.15,253.03,-6.52,16
-82,-85,-69,70,3408.96,524287,4095,1,24.827725,102.848228,2001,616,1970,31,271.94,273.7,254.92,-6.51,16
-78,-89,-73,75,3408.96,524287,4095,1,24.827872,102.848182,2001,617,1972,29,272.31,273.85,258.21,-6.09,16
-78,-89,-73,75,3408.96,524287,4095,1,24.827895,102.848172,2001,618,1972,29,272.75,274.29,258.74,-6.08,16
-78,-89,-73,75,3408.96,524287,4095,1,24.827907,102.848167,2001,619,1972,29,272.96,274.5,259.01,-6.07,16
-82,-89,-73,100,3408.96,524287,4095,1,24.827918,102.848163,2001,620,1972,29,273.1,274.64,259.25,-6.07,16
-82,-89,-73,100,3408.96,524287,4095,1,24.827932,102.848158,2001,621,1972,29,273.29,274.82,259.57,-6.07,16
-83,-89,-59,103,3408.96,524287,4095,1,24.82794,102.848152,2001,622,1972,29,273.71,275.24,259.76,-6.06,16
-83,-89,-60,103,3408.96,524287,4095,1,24.827953,102.84815,2001,623,1972,29,273.63,275.16,260.04,-6.06,16
-82,-89,-66,102,3408.96,524287,4095,1,24.827973,102.848138,2001,624,1972,29,274.41,275.94,260.5,-6.04,16
-82,-89,-61,102,3408.96,524287,4095,1,24.827985,102.848135,2001,625,1972,29,274.48,276.01,260.76,-6.04,16
-83,-90,-62,102,3408.96,524287,4095,1,24.827995,102.848133,2001,626,1972,29,274.48,276.01,260.97,-6.04,16
-83,-90,-68,102,3408.96,524287,4095,1,24.828003,102.848128,2001,627,1972,29,274.83,276.36,261.16,-6.03,16
-80,-88,-60,100,3408.96,524287,4095,1,24.828013,102.848123,2001,628,1972,29,275.15,276.67,261.38,-6.03,16
-80,-88,-59,100,3408.96,524287,4095,1,24.828022,102.848118,2001,629,1972,29,275.48,277,261.58,-6.02,16
-79,-88,-56,99,3408.96,524287,4095,1,24.82803,102.84811,2001,630,1972,29,276.14,277.66,261.77,-6,16
-66,-88,-51,23,3408.96,524287,4095,1,24.828038,102.848102,2001,631,1972,29,276.8,278.32,261.96,-5.99,16
-76,-87,-59,93,3408.96,524287,4095,1,24.828047,102.848097,2001,632,1972,29,277.15,278.66,262.17,-5.98,16
-76,-87,-53,93,3408.96,524287,4095,1,24.828058,102.848083,2001,633,1972,29,278.37,279.88,262.43,-5.96,16
-79,-88,-56,98,3408.96,524287,4095,1,24.828058,102.848083,2001,634,1972,29,278.37,279.88,262.43,-5.96,16
-79,-88,-55,98,3408.96,524287,4095,1,24.828082,102.848058,2001,635,1972,29,280.51,282.01,262.99,-5.91,16
-79,-87,-58,99,3408.96,524287,4095,1,24.82809,102.84805,2001,636,1972,29,281.19,282.68,263.18,-5.9,16
-79,-87,-58,99,3408.96,524287,4095,1,24.8281,102.848042,2001,637,1972,29,281.85,283.34,263.4,-5.88,16
-80,-89,-57,103,3408.96,524287,4095,1,24.82811,102.848032,2001,638,1972,29,282.72,284.2,263.63,-5.87,16
-80,-89,-57,103,3408.96,524287,4095,1,24.828118,102.848025,2001,639,1972,29,283.32,284.8,263.81,-5.85,16
-81,-90,-65,101,3408.96,524287,4095,1,24.828125,102.848017,2001,640,1972,29,284.03,285.51,263.97,-5.84,16
-81,-90,-65,101,3408.96,524287,4095,1,24.82813,102.848008,2001,641,1972,29,284.87,286.34,264.09,-5.82,16
-85,-91,-65,104,3408.96,524287,4095,1,24.828145,102.847988,2001,642,1975,26,286.7,287.88,264.43,-5.19,16
-85,-91,-65,104,3408.96,524287,4095,1,24.828152,102.847978,2001,643,1975,26,287.62,288.79,264.59,-5.17,16
-82,-90,-59,102,3408.96,524287,4095,1,24.828157,102.847968,2001,644,1975,26,288.57,289.74,264.71,-5.16,16
-82,-90,-60,102,3408.96,524287,4095,1,24.82816,102.847958,2001,645,1975,26,289.54,290.71,264.79,-5.14,16
-82,-89,-57,103,3408.96,524287,4095,1,24.828162,102.847948,2001,646,1975,26,290.53,291.69,264.85,-5.12,16
-82,-89,-59,103,3408.96,524287,4095,1,24.828167,102.847935,2001,647,1975,26,291.78,292.94,264.97,-5.1,16
-82,-90,-62,104,3408.96,524287,4095,1,24.828168,102.847923,2001,648,1975,26,292.98,294.13,265.01,-5.08,16
-82,-90,-64,104,3408.96,524287,4095,1,24.828172,102.847907,2001,649,1975,26,294.55,295.7,265.11,-5.05,16
-81,-90,-58,104,3408.96,524287,4095,1,24.828178,102.847895,2001,650,1975,26,295.69,296.83,265.25,-5.03,16
-81,-90,-57,104,3408.96,524287,4095,1,24.828183,102.84788,2001,651,1975,26,297.15,298.29,265.37,-5.01,16
-81,-89,-65,103,3408.96,524287,4095,1,24.828193,102.847855,2001,652,1975,26,299.58,300.71,265.6,-4.97,16
-81,-89,-57,103,3408.96,524287,4095,1,24.828197,102.847845,2001,653,1975,26,300.55,301.67,265.7,-4.95,16
-83,-90,-60,106,3408.96,524287,4095,1,24.828202,102.847835,2001,654,1975,26,301.51,302.63,265.81,-4.94,16
-83,-90,-64,106,3408.96,524287,4095,1,24.828202,102.847825,2001,655,1975,26,302.52,303.64,265.82,-4.92,16
-84,-90,-60,106,3408.96,524287,4095,1,24.828203,102.847812,2001,656,1975,26,303.82,304.93,265.86,-4.9,16
-84,-90,-65,106,3408.96,524287,4095,1,24.828207,102.847797,2001,657,1975,26,305.29,306.4,265.95,-4.88,16
-84,-90,-64,103,3408.96,524287,4095,1,24.828208,102.847782,2001,658,1975,26,306.8,307.9,265.99,-4.85,16
-84,-90,-67,103,3408.96,524287,4095,1,24.82821,102.84777,2001,659,1975,26,307.99,309.09,266.05,-4.83,16
-87,-91,-70,106,3408.96,524287,4095,1,24.828212,102.847758,2001,660,1975,26,309.18,310.27,266.1,-4.81,16
-87,-91,-70,106,3408.96,524287,4095,1,24.828217,102.847733,2001,661,1975,26,311.66,312.74,266.22,-4.78,16
-84,-90,-66,102,3408.96,524287,4095,1,24.828218,102.847722,2001,662,1975,26,312.76,313.84,266.25,-4.76,16
-84,-90,-63,104,3408.96,524287,4095,1,24.828218,102.847722,2001,663,1975,26,312.76,313.84,266.25,-4.76,16
-84,-90,-61,104,3408.96,524287,4095,1,24.828215,102.84771,2001,664,1975,26,314,315.07,266.21,-4.74,16
-84,-90,-66,104,3408.96,524287,4095,1,24.828212,102.8477,2001,665,1975,26,315.03,316.1,266.17,-4.73,16
-82,-90,-61,103,3408.96,524287,4095,1,24.828205,102.84769,2001,666,1975,26,316.1,317.17,266.06,-4.71,16
-74,-90,-52,28,3408.96,524287,4095,1,24.828195,102.847677,2001,667,1975,26,317.49,318.55,265.89,-4.69,16
-93,-91,-75,106,3408.96,524287,4095,1,24.828187,102.847667,2001,668,1975,26,318.57,319.63,265.76,-4.67,16
-93,-91,-74,106,3408.96,524287,4095,1,24.828178,102.847655,2001,669,1975,26,319.86,320.91,265.61,-4.65,16
-84,-90,-62,103,3408.96,524287,4095,1,24.828172,102.847642,2001,670,1975,26,321.23,322.28,265.52,-4.64,16
-84,-90,-63,103,3408.96,524287,4095,1,24.828165,102.847628,2001,671,1975,26,322.7,323.75,265.42,-4.61,16
-83,-91,-65,101,3408.96,524287,4095,1,24.828162,102.847603,2001,672,1975,26,325.25,326.29,265.4,-4.58,16
-83,-91,-62,101,3408.96,524287,4095,1,24.828162,102.84759,2001,673,1975,26,326.56,327.59,265.42,-4.56,16
-78,-85,-61,96,3408.96,524287,4095,1,24.828163,102.847577,2001,674,1975,26,327.86,328.89,265.45,-4.54,16
-78,-85,-61,96,3408.96,524287,4095,1,24.828167,102.847567,2001,675,1975,26,328.83,329.86,265.54,-4.53,16
-83,-90,-66,103,3408.96,524287,4095,1,24.828168,102.847553,2001,676,1975,26,330.23,331.25,265.57,-4.51,16
-83,-90,-59,103,3408.96,524287,4095,1,24.828172,102.847543,2001,677,1975,26,331.2,332.22,265.66,-4.5,16
-82,-89,-58,98,3408.96,524287,4095,1,24.828175,102.84753,2001,678,1975,26,332.48,333.5,265.73,-4.48,16
-82,-89,-61,98,3408.96,524287,4095,1,24.828178,102.847517,2001,679,1975,26,333.77,334.78,265.79,-4.46,16
-86,-90,-65,103,3408.96,524287,4095,1,24.828183,102.847502,2001,680,1975,26,335.23,336.24,265.9,-4.44,16
-86,-90,-68,103,3408.96,524287,4095,1,24.828187,102.84749,2001,681,1975,26,336.41,337.41,265.98,-4.43,16
-84,-90,-60,103,3408.96,524287,4095,1,24.828192,102.847478,2001,682,1975,26,337.58,338.58,266.08,-4.41,16
-84,-90,-63,103,3408.96,524287,4095,1,24.828195,102.847468,2001,683,1975,26,338.56,339.56,266.15,-4.4,16
-87,-90,-64,103,3408.96,524287,4095,1,24.828198,102.847458,2001,684,1975,26,339.54,340.53,266.21,-4.39,16
-73,-90,-57,29,3408.96,524287,4095,1,24.828202,102.847448,2001,685,1975,26,340.52,341.51,266.29,-4.37,16
-91,-91,-75,105,3408.96,524287,4095,1,24.828205,102.847438,2001,686,1975,26,341.5,342.49,266.35,-4.36,16
-91,-91,-69,105,3408.96,524287,4095,1,24.828213,102.84742,2001,687,1975,26,343.26,344.24,266.5,-4.34,16
-90,-91,-66,104,3408.96,524287,4095,1,24.828213,102.84742,2001,688,1975,26,343.26,344.24,266.5,-4.34,16
-90,-91,-70,104,3408.96,524287,4095,1,24.82822,102.847403,2001,689,1975,26,344.92,345.9,266.64,-4.32,16
-94,-90,-78,105,3408.96,524287,4095,1,24.82822,102.847403,2001,690,1975,26,344.92,345.9,266.64,-4.32,16
-94,-90,-73,105,3408.96,524287,4095,1,24.828238,102.847393,2001,691,1975,26,345.81,346.79,266.95,-4.31,16
-99,-91,-76,105,3408.96,524287,4095,1,24.82825,102.84739,2001,692,1975,26,346.04,347.02,267.15,-4.3,16
-99,-91,-79,105,3408.96,524287,4095,1,24.82826,102.847388,2001,693,1975,26,346.18,347.15,267.32,-4.3,16
-100,-91,-84,107,3408.96,524287,4095,1,24.828273,102.847388,2001,694,1975,26,346.11,347.09,267.54,-4.3,16
-100,-91,-84,107,3408.96,524287,4095,1,24.828288,102.84739,2001,695,1975,26,345.83,346.81,267.79,-4.31,16
-98,-91,-76,106,3408.96,524287,4095,1,24.8283,102.847393,2001,696,1975,26,345.48,346.46,267.99,-4.31,16
-97,-91,-73,107,3408.96,524287,4095,1,24.8283,102.847393,2001,697,1975,26,345.48,346.46,267.99,-4.31,16
-97,-91,-75,107,3408.96,524287,4095,1,24.828313,102.847402,2001,698,1975,26,344.52,345.5,268.2,-4.32,16
-97,-91,-81,107,3408.96,524287,4095,1,24.828332,102.847425,2001,699,1975,26,342.13,343.12,268.51,-4.35,16
-89,-90,-69,105,3408.96,524287,4095,1,24.828338,102.847443,2001,700,1975,26,340.29,341.28,268.6,-4.38,16
-90,-92,-73,105,3408.96,524287,4095,1,24.828363,102.847588,2001,701,1975,26,325.57,326.61,268.99,-4.57,16
-88,-93,-71,102,3408.96,524287,4095,1,24.828355,102.84784,2001,702,1975,26,300.12,301.24,268.75,-4.96,16
-100,-88,-76,99,3408.96,524287,4095,1,24.828367,102.848172,2001,703,1975,26,266.54,267.81,268.85,-5.58,16
-100,-89,-84,99,3408.96,524287,4095,1,24.828365,102.848183,2001,704,1975,26,265.43,266.7,268.8,-5.6,16
-100,-89,-80,99,3408.96,524287,4095,1,24.828367,102.848208,2001,705,1975,26,262.9,264.18,268.83,-5.66,16
-97,-88,-82,99,3408.96,524287,4095,1,24.828367,102.848233,2001,706,1975,26,260.37,261.66,268.82,-5.71,16
-100,-90,-78,105,3408.96,524287,4095,1,24.828517,102.84853,2001,707,1977,24,230.53,231.78,272.44,-5.95,16
-100,-90,-85,105,3408.96,524287,4095,1,24.8285,102.848515,2001,708,1977,24,231.97,233.21,272,-5.92,16
-101,-90,-79,107,3408.96,524287,4095,1,24.828447,102.848433,2001,709,1977,24,240.11,241.31,270.65,-5.72,16
-101,-90,-81,107,3408.96,524287,4095,1,24.828437,102.84842,2001,710,1977,24,241.41,242.6,270.41,-5.69,16
-101,-91,-77,106,3408.96,524287,4095,1,24.828425,102.848412,2001,711,1977,24,242.21,243.4,270.12,-5.67,16
-101,-91,-85,106,3408.96,524287,4095,1,24.828417,102.848407,2001,712,1977,24,242.72,243.9,269.93,-5.66,16
-101,-91,-79,108,3408.96,524287,4095,1,24.828398,102.848422,2001,713,1977,24,241.21,242.4,269.47,-5.69,16
-100,-91,-81,107,3408.96,524287,4095,1,24.828398,102.848422,2001,714,1977,24,241.21,242.4,269.47,-5.69,16
-100,-91,-77,107,3408.96,524287,4095,1,24.828398,102.848422,2001,715,1977,24,241.21,242.4,269.47,-5.69,16
-100,-91,-78,107,3408.96,524287,4095,1,24.828402,102.848433,2001,716,1977,24,240.1,241.3,269.57,-5.72,16
-99,-90,-83,105,3408.96,524287,4095,1,24.828402,102.848433,2001,717,1977,24,240.1,241.3,269.57,-5.72,16
-99,-90,-81,105,3408.96,524287,4095,1,24.82839,102.848432,2001,718,1975,26,240.21,241.61,269.28,-6.19,16
-90,-88,-71,101,3408.96,524287,4095,1,24.828372,102.848433,2001,719,1975,26,240.15,241.55,268.84,-6.19,16
-90,-88,-67,101,3408.96,524287,4095,1,24.828362,102.848433,2001,720,1975,26,240.17,241.57,268.6,-6.19,16
-98,-91,-79,104,3408.96,524287,4095,1,24.828348,102.848433,2001,721,1975,26,240.22,241.62,268.26,-6.19,16
-98,-91,-74,104,3408.96,524287,4095,1,24.828337,102.848432,2001,722,1975,26,240.37,241.77,268,-6.18,16
-90,-90,-68,102,3408.96,524287,4095,1,24.828327,102.848435,2001,723,1975,26,240.11,241.51,267.76,-6.19,16
-90,-90,-70,102,3408.96,524287,4095,1,24.828313,102.848427,2001,724,1975,26,240.99,242.39,267.43,-6.17,16
-88,-88,-67,101,3408.96,524287,4095,1,24.8283,102.848425,2001,725,1975,26,241.26,242.66,267.12,-6.16,16
-88,-88,-72,101,3408.96,524287,4095,1,24.828283,102.84842,2001,726,1975,26,241.88,243.27,266.72,-6.15,16
-84,-86,-67,96,3408.96,524287,4095,1,24.828273,102.848418,2001,727,1975,26,242.15,243.54,266.48,-6.14,16
-88,-89,-66,104,3408.96,524287,4095,1,24.828273,102.848418,2001,728,1975,26,242.15,243.54,266.48,-6.14,16
-88,-89,-69,104,3408.96,524287,4095,1,24.828252,102.848423,2001,729,1975,26,241.82,243.21,265.97,-6.15,16
-88,-89,-67,104,3408.96,524287,4095,1,24.828225,102.848422,2001,730,1975,26,242.17,243.56,265.33,-6.14,16
-90,-89,-67,101,3408.96,524287,4095,1,24.828212,102.848413,2001,731,1975,26,243.2,244.59,265.04,-6.11,16
-90,-89,-71,101,3408.96,524287,4095,1,24.828198,102.848415,2001,732,1975,26,243.15,244.54,264.7,-6.11,16
-87,-87,-65,100,3408.96,524287,4095,1,24.828183,102.848413,2001,733,1975,26,243.53,244.91,264.35,-6.1,16
-87,-87,-72,100,3408.96,524287,4095,1,24.82817,102.848412,2001,734,1975,26,243.79,245.17,264.04,-6.1,16
-93,-88,-68,102,3408.96,524287,4095,1,24.828152,102.84841,2001,735,1975,26,244.22,245.6,263.62,-6.09,16
-93,-88,-73,102,3408.96,524287,4095,1,24.82814,102.848415,2001,736,1975,26,243.89,245.27,263.33,-6.09,16
-88,-88,-69,95,3408.96,524287,4095,1,24.82813,102.84842,2001,737,1973,28,243.53,245.13,263.08,-6.57,16
-88,-88,-71,95,3408.96,524287,4095,1,24.828122,102.848425,2001,738,1973,28,243.15,244.76,262.87,-6.58,16
-88,-87,-69,99,3408.96,524287,4095,1,24.82811,102.84843,2001,739,1973,28,242.83,244.44,262.57,-6.59,16
-88,-87,-68,99,3408.96,524287,4095,1,24.828097,102.848437,2001,740,1973,28,242.34,243.95,262.24,-6.6,16
-88,-80,-64,95,3408.96,524287,4095,1,24.828085,102.848442,2001,741,1973,28,242.04,243.65,261.94,-6.61,16
-88,-80,-63,95,3408.96,524287,4095,1,24.828072,102.848447,2001,742,1973,28,241.77,243.39,261.62,-6.62,16
-84,-86,-63,98,3408.96,524287,4095,1,24.828045,102.848457,2001,743,1973,28,241.27,242.89,260.94,-6.63,16
-71,-86,-49,27,3408.96,524287,4095,1,24.828035,102.848462,2001,744,1973,28,240.96,242.58,260.68,-6.64,16
-86,-84,-63,102,3408.96,524287,4095,1,24.828025,102.848468,2001,745,1973,28,240.56,242.18,260.42,-6.65,16
-88,-85,-66,100,3408.96,524287,4095,1,24.828025,102.848468,2001,746,1973,28,240.56,242.18,260.42,-6.65,16
-88,-85,-68,100,3408.96,524287,4095,1,24.82801,102.848483,2001,747,1973,28,239.38,241.01,260,-6.68,16
-88,-85,-69,100,3408.96,524287,4095,1,24.828003,102.848492,2001,748,1973,28,238.64,240.28,259.79,-6.7,16
-95,-89,-78,107,3408.96,524287,4095,1,24.827993,102.848502,2001,749,1973,28,237.86,239.5,259.51,-6.72,16
-95,-89,-79,107,3408.96,524287,4095,1,24.827983,102.848508,2001,750,1973,28,237.49,239.13,259.24,-6.73,16
-93,-87,-73,103,3408.96,524287,4095,1,24.827972,102.848515,2001,751,1973,28,237.05,238.7,258.94,-6.75,16
-93,-87,-72,103,3408.96,524287,4095,1,24.827957,102.848527,2001,752,1973,28,236.22,237.87,258.53,-6.77,16
-94,-89,-71,105,3408.96,524287,4095,1,24.827947,102.848533,2001,753,1973,28,235.87,237.53,258.25,-6.78,16
-94,-89,-71,105,3408.96,524287,4095,1,24.827935,102.84854,2001,754,1973,28,235.48,237.14,257.93,-6.79,16
-100,-91,-78,105,3408.96,524287,4095,1,24.827923,102.848547,2001,755,1973,28,235.1,236.76,257.6,-6.8,16
-100,-91,-81,105,3408.96,524287,4095,1,24.82791,102.848553,2001,756,1973,28,234.85,236.51,257.26,-6.81,16
-91,-88,-75,106,3408.96,524287,4095,1,24.8279,102.84856,2001,757,1973,28,234.44,236.11,256.98,-6.82,16
-91,-88,-74,106,3408.96,524287,4095,1,24.827887,102.848568,2001,758,1973,28,234.01,235.68,256.62,-6.83,16
-89,-84,-70,104,3408.96,524287,4095,1,24.827877,102.848578,2001,759,1973,28,233.32,234.99,256.31,-6.85,16
-89,-84,-67,104,3408.96,524287,4095,1,24.827865,102.848583,2001,760,1970,31,233.18,235.23,255.99,-7.58,16
-87,-82,-62,102,3408.96,524287,4095,1,24.827853,102.848588,2001,761,1970,31,233.04,235.09,255.67,-7.59,16
-59,-82,-37,31,3408.96,524287,4095,1,24.827842,102.84859,2001,762,1970,31,233.18,235.23,255.39,-7.58,16
-99,-89,-81,107,3408.96,524287,4095,1,24.82783,102.84859,2001,763,1970,31,233.55,235.6,255.1,-7.57,16
-99,-89,-80,107,3408.96,524287,4095,1,24.827812,102.848587,2001,764,1970,31,234.4,236.44,254.69,-7.54,16
-94,-88,-74,106,3408.96,524287,4095,1,24.8278,102.848585,2001,765,1970,31,234.98,237.02,254.42,-7.52,16
-94,-88,-78,106,3408.96,524287,4095,1,24.827787,102.848585,2001,766,1970,31,235.41,237.44,254.11,-7.51,16
-88,-84,-69,104,3408.96,524287,4095,1,24.827775,102.848587,2001,767,1970,31,235.61,237.64,253.81,-7.5,16
-88,-84,-70,104,3408.96,524287,4095,1,24.827762,102.84859,2001,768,1970,31,235.77,237.8,253.48,-7.5,16
-92,-85,-68,105,3408.96,524287,4095,1,24.827748,102.848593,2001,769,1970,31,235.96,237.99,253.12,-7.49,16
-92,-85,-76,105,3408.96,524287,4095,1,24.827737,102.848598,2001,770,1970,31,235.87,237.9,252.83,-7.5,16
-90,-79,-72,103,3408.96,524287,4095,1,24.827727,102.848602,2001,771,1970,31,235.85,237.88,252.56,-7.5,16
-90,-79,-74,103,3408.96,524287,4095,1,24.827715,102.848605,2001,772,1970,31,236,238.03,252.25,-7.49,16
-94,-89,-75,106,3408.96,524287,4095,1,24.827692,102.848608,2001,773,1970,31,236.57,238.59,251.69,-7.47,16
-94,-89,-77,106,3408.96,524287,4095,1,24.82768,102.84861,2001,774,1970,31,236.83,238.85,251.39,-7.46,16
-87,-82,-63,101,3408.96,524287,4095,1,24.82768,102.84861,2001,775,1970,31,236.83,238.85,251.39,-7.46,16
-87,-82,-69,101,3408.96,524287,4095,1,24.827667,102.848617,2001,776,1970,31,236.67,238.69,251.03,-7.47,16
-81,-79,-61,101,3408.96,524287,4095,1,24.827667,102.848617,2001,777,1970,31,236.67,238.69,251.03,-7.47,16
-81,-79,-60,101,3408.96,524287,4095,1,24.827653,102.848627,2001,778,1970,31,236.28,238.3,250.62,-7.48,16
-82,-82,-62,105,3408.96,524287,4095,1,24.827645,102.848632,2001,779,1971,30,236.13,238.03,250.4,-7.25,16
-59,-6,-37,27,3408.96,524287,4095,1,24.827635,102.848638,2001,780,1971,30,235.97,237.87,250.11,-7.25,16
-82,-82,-60,99,3408.96,524287,4095,1,24.827625,102.848643,2001,781,1971,30,235.91,237.81,249.84,-7.25,16
-82,-82,-66,99,3408.96,524287,4095,1,24.827615,102.84865,2001,782,1971,30,235.67,237.57,249.54,-7.26,16
-82,-83,-59,103,3408.96,524287,4095,1,24.827595,102.848658,2001,783,1969,32,235.77,237.93,249.01,-7.74,16
-82,-83,-62,103,3408.96,524287,4095,1,24.827585,102.848663,2001,784,1969,32,235.74,237.9,248.73,-7.74,16
-81,-84,-59,102,3408.96,524287,4095,1,24.827577,102.848668,2001,785,1969,32,235.63,237.79,248.5,-7.74,16
-81,-84,-62,102,3408.96,524287,4095,1,24.827567,102.848672,2001,786,1969,32,235.7,237.86,248.23,-7.74,16
-83,-81,-58,101,3408.96,524287,4095,1,24.827558,102.848677,2001,787,1969,32,235.64,237.8,247.98,-7.74,16
-83,-81,-64,101,3408.96,524287,4095,1,24.827547,102.848683,2001,788,1969,32,235.58,237.74,247.67,-7.74,16
-83,-83,-65,103,3408.96,524287,4095,1,24.827533,102.848688,2001,789,1969,32,235.76,237.92,247.3,-7.74,16
-83,-83,-64,103,3408.96,524287,4095,1,24.827515,102.848693,2001,790,1969,32,236.14,238.3,246.83,-7.72,16
-82,-85,-61,102,3408.96,524287,4095,1,24.827505,102.848698,2001,791,1969,32,236.16,238.32,246.56,-7.72,16
-82,-85,-59,102,3408.96,524287,4095,1,24.82749,102.848703,2001,792,1969,32,236.42,238.58,246.16,-7.71,16
-83,-84,-64,105,3408.96,524287,4095,1,24.827477,102.848708,2001,793,1969,32,236.6,238.75,245.82,-7.71,16
-83,-84,-68,105,3408.96,524287,4095,1,24.827467,102.848712,2001,794,1969,32,236.73,238.88,245.55,-7.7,16
-84,-85,-66,103,3408.96,524287,4095,1,24.827457,102.848712,2001,795,1969,32,237.22,239.37,245.32,-7.69,16
-84,-85,-62,105,3408.96,524287,4095,1,24.827457,102.848712,2001,796,1969,32,237.22,239.37,245.32,-7.69,16
-84,-85,-64,105,3408.96,524287,4095,1,24.82744,102.848712,2001,797,1969,32,238.07,240.21,244.94,-7.66,16
-72,-85,-50,29,3408.96,524287,4095,1,24.82743,102.848712,2001,798,1969,32,238.58,240.72,244.72,-7.64,16
-81,-81,-65,103,3408.96,524287,4095,1,24.82742,102.848712,2001,799,1969,32,239.09,241.22,244.49,-7.63,16
-81,-81,-65,103,3408.96,524287,4095,1,24.82741,102.848715,2001,800,1969,32,239.34,241.47,244.24,-7.62,16
-85,-84,-69,103,3408.96,524287,4095,1,24.8274,102.848722,2001,801,1969,32,239.24,241.37,243.94,-7.62,16
-85,-84,-69,103,3408.96,524287,4095,1,24.827378,102.848733,2001,802,1969,32,239.42,241.55,243.34,-7.62,16
-82,-81,-65,104,3408.96,524287,4095,1,24.827365,102.848738,2001,803,1969,32,239.68,241.81,242.99,-7.61,16
-82,-81,-66,104,3408.96,524287,4095,1,24.827353,102.848742,2001,804,1969,32,239.98,242.1,242.69,-7.6,16
-84,-84,-60,102,3408.96,524287,4095,1,24.827342,102.848745,2001,805,1969,32,240.32,242.44,242.41,-7.59,16
-84,-84,-59,102,3408.96,524287,4095,1,24.82733,102.848752,2001,806,1966,35,240.37,242.9,242.07,-8.29,16
-84,-84,-66,102,3408.96,524287,4095,1,24.827322,102.848758,2001,807,1966,35,240.29,242.83,241.83,-8.29,16
-72,-84,-50,30,3408.96,524287,4095,1,24.827322,102.848758,2001,808,1966,35,240.29,242.83,241.83,-8.29,16
-85,-87,-64,105,3408.96,524287,4095,1,24.827307,102.848772,2001,809,1966,35,239.92,242.46,241.34,-8.3,16
-85,-87,-67,105,3408.96,524287,4095,1,24.827297,102.84878,2001,810,1966,35,239.8,242.34,241.02,-8.31,16
-83,-83,-67,104,3408.96,524287,4095,1,24.82728,102.848793,2001,811,1966,35,239.66,242.2,240.5,-8.31,16
-83,-83,-60,104,3408.96,524287,4095,1,24.82727,102.848797,2001,812,1966,35,239.91,242.45,240.24,-8.3,16
-86,-86,-64,105,3408.96,524287,4095,1,24.82726,102.848797,2001,813,1966,35,240.5,243.03,240.02,-8.28,16
-86,-86,-61,105,3408.96,524287,4095,1,24.827248,102.848798,2001,814,1966,35,241.12,243.65,239.75,-8.26,16
-85,-86,-64,105,3408.96,524287,4095,1,24.827232,102.848798,2001,815,1966,35,242.08,244.6,239.42,-8.23,16
-72,-86,-50,29,3408.96,524287,4095,1,24.827218,102.848802,2001,816,1966,35,242.59,245.1,239.07,-8.21,16
-86,-86,-65,105,3408.96,524287,4095,1,24.827207,102.848805,2001,817,1966,35,243.01,245.52,238.8,-8.2,16
-86,-86,-67,105,3408.96,524287,4095,1,24.827197,102.848808,2001,818,1966,35,243.37,245.87,238.55,-8.18,16
-83,-83,-66,104,3408.96,524287,4095,1,24.827188,102.848817,2001,819,1966,35,243.17,245.68,238.25,-8.19,16
-83,-83,-66,104,3408.96,524287,4095,1,24.82718,102.848823,2001,820,1966,35,243.17,245.68,238.01,-8.19,16
-85,-87,-68,106,3408.96,524287,4095,1,24.827173,102.848833,2001,821,1966,35,242.78,245.29,237.73,-8.2,16
-85,-87,-62,106,3408.96,524287,4095,1,24.82716,102.84885,2001,822,1966,35,242.19,244.71,237.24,-8.22,16
-85,-87,-63,105,3408.96,524287,4095,1,24.82716,102.84885,2001,823,1966,35,242.19,244.71,237.24,-8.22,16
-85,-87,-67,105,3408.96,524287,4095,1,24.827157,102.848865,2001,824,1966,35,241.15,243.68,236.98,-8.26,16
-86,-88,-63,106,3408.96,524287,4095,1,24.827157,102.848865,2001,825,1966,35,241.15,243.68,236.98,-8.26,16
-71,-88,-53,29,3408.96,524287,4095,1,24.827162,102.848885,2001,826,1966,35,239.18,241.73,236.81,-8.32,16
-86,-87,-68,106,3408.96,524287,4095,1,24.827165,102.848895,2001,827,1966,35,238.17,240.73,236.73,-8.36,16
-86,-87,-71,106,3408.96,524287,4095,1,24.82717,102.848903,2001,828,1966,35,237.19,239.76,236.73,-8.39,16
-88,-89,-65,108,3408.96,524287,4095,1,24.827173,102.848913,2001,829,1966,35,236.17,238.75,236.65,-8.43,16
-83,-85,-58,108,3408.96,524287,4095,1,24.827173,102.848913,2001,830,1966,35,236.17,238.75,236.65,-8.43,16
-83,-85,-65,108,3408.96,524287,4095,1,24.827178,102.848932,2001,831,1966,35,234.29,236.89,236.49,-8.49,16
-86,-86,-70,108,3408.96,524287,4095,1,24.827185,102.84894,2001,832,1967,34,233.18,235.65,236.53,-8.29,16
-86,-86,-64,108,3408.96,524287,4095,1,24.827197,102.848965,2001,833,1967,34,230.36,232.86,236.43,-8.39,16
-86,-86,-65,108,3408.96,524287,4095,1,24.827203,102.848975,2001,834,1967,34,229.15,231.66,236.42,-8.44,16
-89,-85,-69,109,3408.96,524287,4095,1,24.827203,102.848975,2001,835,1967,34,229.15,231.66,236.42,-8.44,16
-89,-85,-65,109,3408.96,524287,4095,1,24.827215,102.848988,2001,836,1967,34,227.3,229.83,236.49,-8.51,16
-84,-89,-68,107,3408.96,524287,4095,1,24.827222,102.848997,2001,837,1967,34,226.11,228.65,236.51,-8.55,16
-84,-89,-65,107,3408.96,524287,4095,1,24.827228,102.849005,2001,838,1967,34,225.07,227.62,236.53,-8.59,16
-82,-90,-66,104,3408.96,524287,4095,1,24.827238,102.849012,2001,839,1967,34,223.84,226.41,236.65,-8.64,16
-84,-89,-68,107,3408.96,524287,4095,1,24.827238,102.849012,2001,840,1967,34,223.84,226.41,236.65,-8.64,16
-84,-89,-62,107,3408.96,524287,4095,1,24.827253,102.849027,2001,841,1967,34,221.64,224.23,236.77,-8.72,16
-84,-89,-62,107,3408.96,524287,4095,1,24.827262,102.849035,2001,842,1967,34,220.4,223.01,236.85,-8.77,16
-81,-88,-63,105,3408.96,524287,4095,1,24.827275,102.849053,2001,843,1967,34,218.09,220.72,236.88,-8.86,16
-81,-88,-63,105,3408.96,524287,4095,1,24.827282,102.849065,2001,844,1967,34,216.65,219.3,236.86,-8.92,16
-80,-86,-59,104,3408.96,524287,4095,1,24.827288,102.849073,2001,845,1967,34,215.6,218.26,236.88,-8.96,16
-80,-86,-65,104,3408.96,524287,4095,1,24.827293,102.849083,2001,846,1967,34,214.46,217.14,236.84,-9.01,16
-80,-86,-63,106,3408.96,524287,4095,1,24.8273,102.849095,2001,847,1967,34,213.02,215.72,236.82,-9.07,16
-80,-86,-57,106,3408.96,524287,4095,1,24.827308,102.849105,2001,848,1967,34,211.68,214.39,236.86,-9.12,16
-77,-88,-56,102,3408.96,524287,4095,1,24.827317,102.849113,2001,849,1967,34,210.45,213.18,236.95,-9.18,16
-77,-88,-56,102,3408.96,524287,4095,1,24.827325,102.849123,2001,850,1967,34,209.11,211.86,236.98,-9.23,16
-77,-88,-54,102,3408.96,524287,4095,1,24.827333,102.84913,2001,851,1967,34,208.02,210.78,237.07,-9.28,16
-77,-88,-62,102,3408.96,524287,4095,1,24.827347,102.849148,2001,852,1971,30,205.64,207.82,237.12,-8.3,16
-72,-84,-50,97,3408.96,524287,4095,1,24.827353,102.849157,2001,853,1971,30,204.51,206.7,237.13,-8.34,16
-72,-84,-56,97,3408.96,524287,4095,1,24.827358,102.849167,2001,854,1971,30,203.37,205.57,237.09,-8.39,16
-76,-86,-52,103,3408.96,524287,4095,1,24.827363,102.849177,2001,855,1971,30,202.22,204.43,237.05,-8.44,16
-76,-86,-58,103,3408.96,524287,4095,1,24.827373,102.849185,2001,856,1971,30,200.92,203.15,237.17,-8.49,16
-71,-85,-48,97,3408.96,524287,4095,1,24.827382,102.849195,2001,857,1971,30,199.52,201.76,237.24,-8.55,16
-71,-85,-51,97,3408.96,524287,4095,1,24.827387,102.849203,2001,858,1971,30,198.54,200.79,237.23,-8.59,16
-68,-84,-49,97,3408.96,524287,4095,1,24.827393,102.849213,2001,859,1971,30,197.33,199.6,237.22,-8.64,16
-68,-84,-52,97,3408.96,524287,4095,1,24.827398,102.849223,2001,860,1971,30,196.19,198.47,237.19,-8.69,16
-69,-83,-49,91,3408.96,524287,4095,1,24.827403,102.849233,2001,861,1971,30,195.04,197.33,237.15,-8.74,16
-70,-83,-54,22,3408.96,524287,4095,1,24.827408,102.849243,2001,862,1971,30,193.9,196.21,237.11,-8.79,16
-72,-87,-51,101,3408.96,524287,4095,1,24.827415,102.849253,2001,863,1971,30,192.62,194.94,237.13,-8.85,16
-72,-87,-55,101,3408.96,524287,4095,1,24.827425,102.849268,2001,864,1971,30,190.74,193.08,237.13,-8.94,16
-65,-82,-47,93,3408.96,524287,4095,1,24.827425,102.849268,2001,865,1971,30,190.74,193.08,237.13,-8.94,16
-65,-82,-42,93,3408.96,524287,4095,1,24.827433,102.849287,2001,866,1971,30,188.67,191.04,237.02,-9.03,16
-66,-84,-45,91,3408.96,524287,4095,1,24.827433,102.849287,2001,867,1971,30,188.67,191.04,237.02,-9.03,16
-66,-84,-47,91,3408.96,524287,4095,1,24.827438,102.849303,2001,868,1971,30,187.03,189.42,236.88,-9.11,16
-63,-81,-38,88,3408.96,524287,4095,1,24.827442,102.849315,2001,869,1971,30,185.78,188.19,236.77,-9.17,16
-61,-81,-36,88,3408.96,524287,4095,1,24.827442,102.849315,2001,870,1971,30,185.78,188.19,236.77,-9.17,16
-61,-81,-44,88,3408.96,524287,4095,1,24.82745,102.84933,2001,871,1971,30,184.03,186.46,236.72,-9.26,16
-61,-81,-43,88,3408.96,524287,4095,1,24.827463,102.849348,2001,872,1971,30,181.72,184.18,236.76,-9.37,16
-63,-79,-47,70,3408.96,524287,4095,1,24.827473,102.84936,2001,873,1971,30,180.09,182.57,236.82,-9.46,16
-63,-79,-45,70,3408.96,524287,4095,1,24.82748,102.849368,2001,874,1971,30,178.98,181.48,236.86,-9.51,16
-62,-82,-38,70,3408.96,524287,4095,1,24.82749,102.84938,2001,875,1971,30,177.35,179.87,236.93,-9.6,16
-62,-82,-43,70,3408.96,524287,4095,1,24.827497,102.84939,2001,876,1971,30,176.07,178.61,236.94,-9.67,16
-64,-85,-46,76,3408.96,524287,4095,1,24.827503,102.849402,2001,877,1971,30,174.7,177.26,236.89,-9.74,16
-64,-85,-46,76,3408.96,524287,4095,1,24.827513,102.84941,2001,878,1971,30,173.4,175.98,237.03,-9.81,16
-66,-84,-49,77,3408.96,524287,4095,1,24.827513,102.84941,2001,879,1971,30,173.4,175.98,237.03,-9.81,16
-87,-84,-69,20,3408.96,524287,4095,1,24.82753,102.849423,2001,880,1971,30,171.24,173.85,237.28,-9.94,16
-69,-84,-45,86,3408.96,524287,4095,1,24.827545,102.849438,2001,881,1971,30,169.04,171.68,237.43,-10.06,16
-69,-84,-45,86,3408.96,524287,4095,1,24.82755,102.849447,2001,882,1971,30,167.98,170.64,237.41,-10.12,16
-68,-87,-46,80,3408.96,524287,4095,1,24.827557,102.849457,2001,883,1971,30,166.7,169.38,237.43,-10.2,16
-68,-87,-43,80,3408.96,524287,4095,1,24.827565,102.849465,2001,884,1971,30,165.53,168.23,237.52,-10.27,16
-64,-85,-49,74,3408.96,524287,4095,1,24.827572,102.849477,2001,885,1971,30,164.1,166.82,237.5,-10.36,16
-63,-85,-40,69,3408.96,524287,4095,1,24.827572,102.849477,2001,886,1971,30,164.1,166.82,237.5,-10.36,16
-63,-85,-39,69,3408.96,524287,4095,1,24.827585,102.849492,2001,887,1971,30,162.03,164.78,237.6,-10.49,16
-63,-85,-42,69,3408.96,524287,4095,1,24.827593,102.849498,2001,888,1971,30,161.03,163.8,237.74,-10.55,16
-64,-83,-41,71,3408.96,524287,4095,1,24.827593,102.849498,2001,889,1971,30,161.03,163.8,237.74,-10.55,16
-87,-83,-64,12,3408.96,524287,4095,1,24.8276,102.849507,2001,890,1971,30,159.84,162.63,237.78,-10.63,16
-61,-83,-44,65,3408.96,524287,4095,1,24.8276,102.849507,2001,891,1971,30,159.84,162.63,237.78,-10.63,16
-61,-83,-39,65,3408.96,524287,4095,1,24.82762,102.849533,2001,892,1973,28,156.41,158.9,237.89,-10.15,16
-61,-78,-37,65,3408.96,524287,4095,1,24.827627,102.849542,2001,893,1974,27,155.23,157.56,237.94,-9.87,16
-61,-78,-43,65,3408.96,524287,4095,1,24.827632,102.84955,2001,894,1974,27,154.25,156.6,237.94,-9.93,16
-62,-82,-39,70,3408.96,524287,4095,1,24.827635,102.849562,2001,895,1974,27,153.06,155.42,237.79,-10,16
-62,-82,-44,70,3408.96,524287,4095,1,24.82764,102.849575,2001,896,1974,27,151.66,154.04,237.68,-10.09,16
-61,-82,-45,66,3408.96,524287,4095,1,24.827643,102.849587,2001,897,1974,27,150.48,152.88,237.53,-10.17,16
-61,-82,-37,66,3408.96,524287,4095,1,24.827648,102.849598,2001,898,1974,27,149.25,151.67,237.46,-10.25,16
-61,-76,-44,66,3408.96,524287,4095,1,24.827648,102.849598,2001,899,1974,27,149.25,151.67,237.46,-10.25,16
-61,-76,-40,66,3408.96,524287,4095,1,24.82766,102.849618,2001,900,1974,27,146.83,149.29,237.44,-10.42,16
-61,-78,-36,62,3408.96,524287,4095,1,24.82767,102.849628,2001,901,1974,27,145.37,147.86,237.56,-10.52,16
-61,-78,-39,62,3408.96,524287,4095,1,24.827677,102.849637,2001,902,1974,27,144.18,146.69,237.6,-10.61,16
-64,-76,-42,77,3408.96,524287,4095,1,24.82769,102.849657,2001,903,1974,27,141.69,144.24,237.62,-10.79,16
-64,-76,-41,77,3408.96,524287,4095,1,24.827698,102.849667,2001,904,1974,27,140.36,142.93,237.68,-10.89,16
-63,-76,-43,68,3408.96,524287,4095,1,24.827705,102.849678,2001,905,1974,27,139,141.6,237.68,-10.99,16
-63,-76,-38,68,3408.96,524287,4095,1,24.827713,102.849687,2001,906,1974,27,137.75,140.37,237.76,-11.09,16
-58,-67,-36,60,3408.96,524287,4095,1,24.827722,102.8497,2001,907,1974,27,136.1,138.75,237.79,-11.22,16
-87,-7,-67,6,3408.96,524287,4095,1,24.827725,102.84971,2001,908,1974,27,135.08,137.75,237.67,-11.3,16
-55,-72,-35,58,3408.96,524287,4095,1,24.827732,102.849722,2001,909,1974,27,133.64,136.34,237.65,-11.42,16
-55,-72,-31,58,3408.96,524287,4095,1,24.827737,102.84973,2001,910,1974,27,132.66,135.38,237.64,-11.5,16
-60,-78,-36,63,3408.96,524287,4095,1,24.827742,102.84974,2001,911,1974,27,131.52,134.26,237.59,-11.6,16
-60,-78,-45,63,3408.96,524287,4095,1,24.827747,102.849748,2001,912,1974,27,130.54,133.3,237.59,-11.69,16
-57,-74,-33,57,3408.96,524287,4095,1,24.827753,102.849758,2001,913,1974,27,129.33,132.12,237.57,-11.79,16
-57,-74,-35,57,3408.96,524287,4095,1,24.827768,102.849777,2001,914,1974,27,126.8,129.64,237.69,-12.02,16
-61,-76,-41,64,3408.96,524287,4095,1,24.827777,102.849787,2001,915,1974,27,125.4,128.27,237.8,-12.15,16
-61,-76,-41,64,3408.96,524287,4095,1,24.827783,102.849798,2001,916,1974,27,124.11,127.01,237.76,-12.27,16
-63,-82,-40,65,3408.96,524287,4095,1,24.82782,102.849835,2001,917,1974,27,118.71,121.74,238.34,-12.81,16
-63,-82,-45,65,3408.96,524287,4095,1,24.827825,102.849843,2001,918,1974,27,117.73,120.79,238.34,-12.92,16
-64,-84,-46,70,3408.96,524287,4095,1,24.827838,102.849858,2001,919,1973,28,115.67,119.01,238.51,-13.61,16
-59,-77,-36,61,3408.96,524287,4095,1,24.827847,102.849867,2001,920,1973,28,114.36,117.74,238.66,-13.76,16
-59,-77,-42,61,3408.96,524287,4095,1,24.827855,102.849875,2001,921,1973,28,113.19,116.6,238.8,-13.89,16
-92,-6,-71,8,3408.96,524287,4095,1,24.827855,102.849875,2001,922,1973,28,113.19,116.6,238.8,-13.89,16
-61,-74,-42,64,3408.96,524287,4095,1,24.827865,102.849885,2001,923,1973,28,111.74,115.19,238.98,-14.07,16
-65,-84,-49,68,3408.96,524287,4095,1,24.827865,102.849885,2001,924,1973,28,111.74,115.19,238.98,-14.07,16
-65,-84,-45,68,3408.96,524287,4095,1,24.82788,102.849898,2001,925,1975,26,109.73,112.77,239.31,-13.33,16
-65,-84,-47,68,3408.96,524287,4095,1,24.827888,102.849907,2001,926,1975,26,108.48,111.55,239.44,-13.48,16
-73,-86,-55,74,3408.96,524287,4095,1,24.827893,102.849917,2001,927,1975,26,107.33,110.43,239.4,-13.62,16
-73,-86,-54,74,3408.96,524287,4095,1,24.827898,102.849927,2001,928,1975,26,106.18,109.32,239.35,-13.76,16
-70,-86,-47,74,3408.96,524287,4095,1,24.827903,102.849945,2001,929,1975,26,104.36,107.55,239.08,-13.99,16
-70,-86,-48,74,3408.96,524287,4095,1,24.827908,102.849955,2001,930,1975,26,103.21,106.43,239.03,-14.14,16
-72,-79,-49,78,3408.96,524287,4095,1,24.827913,102.849967,2001,931,1975,26,101.89,105.15,238.92,-14.32,16
-72,-87,-53,79,3408.96,524287,4095,1,24.827913,102.849967,2001,932,1975,26,101.89,105.15,238.92,-14.32,16
-72,-87,-51,79,3408.96,524287,4095,1,24.827923,102.84998,2001,933,1975,26,100.18,103.5,239.03,-14.55,16
-72,-87,-56,79,3408.96,524287,4095,1,24.827927,102.84999,2001,934,1975,26,99.1,102.45,238.92,-14.7,16
-66,-83,-51,65,3408.96,524287,4095,1,24.827932,102.850002,2001,935,1975,26,97.78,101.18,238.81,-14.89,16
-66,-83,-42,65,3408.96,524287,4095,1,24.827937,102.850012,2001,936,1975,26,96.63,100.07,238.75,-15.06,16
-62,-83,-44,59,3408.96,524287,4095,1,24.827943,102.850022,2001,937,1975,26,95.42,98.9,238.75,-15.24,16
-62,-83,-42,59,3408.96,524287,4095,1,24.82796,102.850028,2001,938,1975,26,93.88,97.41,239.47,-15.48,16
-61,-76,-40,55,3408.96,524287,4095,1,24.827973,102.85003,2001,939,1975,26,92.94,96.51,240.12,-15.63,16
-88,-5,-70,6,3408.96,524287,4095,1,24.827983,102.850032,2001,940,1975,26,92.18,95.78,240.61,-15.75,16
-60,-79,-40,59,3408.96,524287,4095,1,24.827993,102.850035,2001,941,1975,26,91.34,94.97,241.08,-15.89,16
-60,-79,-41,59,3408.96,524287,4095,1,24.828002,102.85004,2001,942,1975,26,90.4,94.06,241.44,-16.05,16
-62,-82,-47,60,3408.96,524287,4095,1,24.82801,102.850047,2001,943,1975,26,89.34,93.05,241.69,-16.23,16
-62,-82,-42,60,3408.96,524287,4095,1,24.82802,102.850057,2001,944,1975,26,87.9,91.66,241.96,-16.48,16
-65,-77,-49,68,3408.96,524287,4095,1,24.828027,102.850065,2001,945,1975,26,86.81,90.62,242.12,-16.68,16
-65,-77,-46,68,3408.96,524287,4095,1,24.828033,102.850073,2001,946,1975,26,85.78,89.63,242.23,-16.87,16
-64,-84,-44,68,3408.96,524287,4095,1,24.82804,102.850082,2001,947,1975,26,84.61,88.51,242.37,-17.09,16
-64,-84,-48,68,3408.96,524287,4095,1,24.828047,102.85009,2001,948,1975,26,83.52,87.47,242.55,-17.3,16
-62,-68,-38,65,3408.96,524287,4095,1,24.828055,102.8501,2001,949,1975,26,82.2,86.21,242.73,-17.56,16
-62,-68,-40,65,3408.96,524287,4095,1,24.828065,102.85011,2001,950,1975,26,80.78,84.86,243.04,-17.85,16
-58,-66,-75,56,3408.96,524287,4095,1,24.828145,102.850207,2001,951,1976,25,67.96,72.41,245.41,-20.21,16
-66,-83,-75,77,3408.96,524287,4095,1,24.828145,102.850207,2001,952,1976,25,67.96,72.41,245.41,-20.21,16
-66,-83,-75,77,3408.96,524287,4095,1,24.82815,102.850222,2001,953,1976,25,66.36,70.91,245.26,-20.65,16
-64,-76,-75,71,3408.96,524287,4095,1,24.82815,102.850222,2001,954,1976,25,66.36,70.91,245.26,-20.65,16
-64,-76,-41,71,3408.96,524287,4095,1,24.828165,102.850245,2001,955,1976,25,63.54,68.28,245.63,-21.49,16
-64,-76,-40,71,3408.96,524287,4095,1,24.82817,102.850253,2001,956,1976,25,62.57,67.38,245.75,-21.79,16
-64,-86,-46,74,3408.96,524287,4095,1,24.828177,102.850263,2001,957,1976,25,61.32,66.22,245.97,-22.19,16
-64,-86,-44,74,3408.96,524287,4095,1,24.828183,102.850272,2001,958,1976,25,60.21,65.19,246.15,-22.56,16
-61,-79,-40,64,3408.96,524287,4095,1,24.828183,102.850272,2001,959,1976,25,60.21,65.19,246.15,-22.56,16
-61,-79,-43,64,3408.96,524287,4095,1,24.828192,102.85029,2001,960,1976,25,58.14,63.29,246.24,-23.28,16
-62,-79,-40,72,3408.96,524287,4095,1,24.828198,102.8503,2001,961,1976,25,56.94,62.19,246.39,-23.72,16
-62,-79,-46,72,3408.96,524287,4095,1,24.828205,102.850312,2001,962,1976,25,55.51,60.88,246.56,-24.26,16
-62,-82,-41,73,3408.96,524287,4095,1,24.82821,102.85032,2001,963,1976,25,54.54,60,246.72,-24.64,16
-97,-4,-74,9,3408.96,524287,4095,1,24.828215,102.850337,2001,964,1976,25,52.75,58.37,246.48,-25.37,16
-63,-83,-47,72,3408.96,524287,4095,1,24.828218,102.850347,2001,965,1976,25,51.7,57.43,246.34,-25.82,16
-60,-81,-35,68,3408.96,524287,4095,1,24.828223,102.850382,2001,966,1976,25,48.28,54.37,245.18,-27.39,16
-60,-81,-41,68,3408.96,524287,4095,1,24.828225,102.850395,2001,967,1976,25,47.01,53.24,244.73,-28.02,16
-62,-84,-43,70,3408.96,524287,4095,1,24.82823,102.850417,2001,968,1976,25,44.78,51.29,244.08,-29.19,16
-62,-84,-45,70,3408.96,524287,4095,1,24.828235,102.850427,2001,969,1976,25,43.63,50.28,244.1,-29.83,16
-59,-80,-44,62,3408.96,524287,4095,1,24.82824,102.850435,2001,970,1976,25,42.65,49.44,244.24,-30.39,16
-59,-80,-42,62,3408.96,524287,4095,1,24.828248,102.850447,2001,971,1976,25,41.17,48.17,244.52,-31.28,16
-57,-81,-42,63,3408.96,524287,4095,1,24.828255,102.850457,2001,972,1975,26,39.91,47.63,244.82,-33.1,16
-57,-81,-36,63,3408.96,524287,4095,1,24.828262,102.850467,2001,973,1975,26,38.66,46.59,245.14,-33.94,16
-60,-84,-43,64,3408.96,524287,4095,1,24.828268,102.850475,2001,974,1975,26,37.64,45.75,245.47,-34.65,16
-60,-84,-37,64,3408.96,524287,4095,1,24.828277,102.850487,2001,975,1975,26,36.11,44.5,245.99,-35.77,16
-61,-84,-46,60,3408.96,524287,4095,1,24.828282,102.850498,2001,976,1975,26,34.87,43.5,246,-36.73,16
-61,-84,-44,60,3408.96,524287,4095,1,24.828288,102.850507,2001,977,1975,26,33.76,42.61,246.32,-37.62,16
-57,-76,-40,57,3408.96,524287,4095,1,24.828303,102.850532,2001,978,1975,26,30.76,40.28,247.03,-40.22,16
-97,-5,-82,3,3408.96,524287,4095,1,24.82831,102.850543,2001,979,1975,26,29.43,39.27,247.46,-41.48,16
-59,-81,-40,55,3408.96,524287,4095,1,24.828318,102.850555,2001,980,1975,26,27.96,38.18,248.04,-42.94,16
-59,-81,-39,55,3408.96,524287,4095,1,24.828325,102.850563,2001,981,1975,26,26.91,37.42,248.81,-44.04,16
-58,-76,-41,51,3408.96,524287,4095,1,24.828332,102.850573,2001,982,1975,26,25.68,36.54,249.47,-45.38,16
-58,-76,-39,51,3408.96,524287,4095,1,24.828338,102.850583,2001,983,1975,26,24.49,35.72,249.98,-46.74,16
-59,-77,-38,55,3408.96,524287,4095,1,24.828348,102.850593,2001,984,1975,26,23.15,34.81,251.49,-48.35,16
-59,-77,-38,55,3408.96,524287,4095,1,24.828355,102.850603,2001,985,1975,26,21.94,34.02,252.41,-49.87,16
-58,-73,-43,54,3408.96,524287,4095,1,24.828362,102.850613,2001,986,1975,26,20.73,33.25,253.44,-51.46,16
-58,-73,-41,54,3408.96,524287,4095,1,24.828368,102.850622,2001,987,1975,26,19.67,32.6,254.38,-52.93,16
-60,-80,-44,68,3509.76,524287,4095,1,24.82837,102.850632,2001,988,1975,26,18.63,31.99,254.14,-54.4,16
-60,-80,-45,68,3509.76,524287,4095,1,24.82837,102.850632,2001,989,1975,26,18.63,31.99,254.14,-54.4,16
-65,-85,-47,69,3509.76,524287,4095,1,24.828377,102.85065,2001,990,1975,26,16.67,30.89,254.78,-57.37,16
-65,-85,-43,69,3509.76,524287,4095,1,24.82839,102.850665,2001,991,1975,26,14.83,29.93,258.15,-60.33,16
-65,-82,-47,70,3509.76,524287,4095,1,24.828403,102.850673,2001,992,1976,25,13.78,28.55,262.82,-61.18,16
-65,-82,-49,70,3509.76,524287,4095,1,24.828412,102.850682,2001,993,1976,25,12.77,28.07,266.37,-62.98,16
-63,-65,-42,63,3509.76,524287,4095,1,24.828418,102.85069,2001,994,1976,25,11.93,27.7,269.03,-64.53,16
-63,-65,-43,63,3509.76,524287,4095,1,24.828427,102.850697,2001,995,1976,25,11.25,27.41,273.61,-65.81,16
-64,-84,-49,77,3509.76,524287,4095,1,24.828435,102.850702,2001,996,1976,25,10.84,27.25,278.05,-66.58,16
-64,-84,-46,77,3509.76,524287,4095,1,24.828448,102.850715,2001,997,1976,25,9.9,26.89,286.76,-68.42,16
-64,-84,-40,77,3509.76,524287,4095,1,24.828458,102.850723,2001,998,1976,25,9.57,26.77,294.09,-69.07,16
-62,-77,-38,57,3509.76,524287,4095,1,24.828467,102.850733,2001,999,1976,25,9.2,26.64,302.07,-69.8,16
-62,-77,-42,57,3509.76,524287,4095,1,24.828475,102.850743,2001,1000,1976,25,8.96,26.56,310.24,-70.27,16
-67,-82,-43,67,3509.76,524287,4095,1,24.828475,102.850743,2001,1001,1976,25,8.96,26.56,310.24,-70.27,16
-67,-82,-42,67,3509.76,524287,4095,1,24.828502,102.850762,2001,1002,1976,25,10.2,27,330.71,-67.74,16
-64,-78,-39,67,3509.76,524287,4095,1,24.828513,102.85077,2001,1003,1976,25,10.99,27.31,337.77,-66.19,16
-64,-78,-48,67,3509.76,524287,4095,1,24.828522,102.850775,2001,1004,1976,25,11.78,27.64,342.07,-64.69,16
-67,-80,-51,60,3509.76,524287,4095,1,24.828532,102.85078,2001,1005,1976,25,12.73,28.05,345.96,-62.94,16
-92,-4,-74,6,3509.76,524287,4095,1,24.828547,102.850787,2001,1006,1976,25,14.23,28.77,350.61,-60.27,16
-67,-80,-42,59,3509.76,524287,4095,1,24.828562,102.850795,2001,1007,1976,25,15.78,29.56,354.77,-57.63,16
-67,-80,-43,59,3509.76,524287,4095,1,24.828578,102.850797,2001,1008,1976,25,17.54,30.54,356.02,-54.85,16
-66,-85,-45,73,3509.76,524287,4095,1,24.828592,102.850795,2001,1009,1976,25,19.1,31.46,355.68,-52.52,16
-66,-85,-50,73,3509.76,524287,4095,1,24.828603,102.850793,2001,1010,1976,25,20.33,32.22,355.31,-50.78,16
-66,-87,-47,77,3509.76,524287,4095,1,24.828617,102.850793,2001,1011,1976,25,21.87,33.22,355.65,-48.71,16
-66,-87,-41,77,3509.76,524287,4095,1,24.828632,102.850788,2001,1012,1976,25,23.57,34.36,354.61,-46.58,16
-68,-87,-50,79,3509.76,524287,4095,1,24.828658,102.850777,2001,1013,1976,25,26.55,36.47,352.58,-43.17,16
-68,-87,-47,79,3509.76,524287,4095,1,24.828668,102.850767,2001,1014,1976,25,27.78,37.37,350.61,-41.88,16
-68,-84,-48,81,3509.76,524287,4095,1,24.828678,102.85076,2001,1015,1976,25,28.99,38.28,349.46,-40.67,16
-68,-84,-47,81,3509.76,524287,4095,1,24.828688,102.850748,2001,1016,1978,23,30.3,38.04,347.38,-37.1,16
-64,-86,-39,74,3509.76,524287,4095,1,24.828697,102.850738,2001,1017,1978,23,31.49,39,345.82,-36.05,16
-64,-86,-42,74,3509.76,524287,4095,1,24.828702,102.850728,2001,1018,1978,23,32.27,39.63,344.16,-35.39,16
-67,-83,-47,78,3509.76,524287,4095,1,24.828713,102.85071,2001,1019,1978,23,33.93,40.99,341.51,-34.04,16
-61,-83,-38,68,3509.76,524287,4095,1,24.828713,102.85071,2001,1020,1978,23,33.93,40.99,341.51,-34.04,16
-61,-83,-40,68,3509.76,524287,4095,1,24.828727,102.850702,2001,1021,1978,23,35.65,42.43,340.95,-32.74,16
-91,-83,-72,18,3509.76,524287,4095,1,24.828727,102.850702,2001,1022,1978,23,35.65,42.43,340.95,-32.74,16
-64,-86,-43,77,3509.76,524287,4095,1,24.828727,102.850702,2001,1023,1978,23,35.65,42.43,340.95,-32.74,16
-64,-86,-46,77,3509.76,524287,4095,1,24.828737,102.85069,2001,1024,1978,23,37.09,43.64,339.58,-31.72,16
-64,-80,-48,84,3509.76,524287,4095,1,24.828747,102.850682,2001,1025,1978,23,38.4,44.76,338.93,-30.84,16
-65,-74,-42,75,3509.76,524287,4095,1,24.828747,102.850682,2001,1026,1978,23,38.4,44.76,338.93,-30.84,16
-65,-74,-44,75,3509.76,524287,4095,1,24.828755,102.850673,2001,1027,1978,23,39.54,45.74,338.05,-30.11,16
-65,-83,-48,77,3509.76,524287,4095,1,24.828755,102.850673,2001,1028,1978,23,39.54,45.74,338.05,-30.11,16
-65,-83,-44,77,3509.76,524287,4095,1,24.828765,102.850665,2001,1029,1978,23,40.86,46.89,337.49,-29.3,16
-65,-83,-46,77,3509.76,524287,4095,1,24.828775,102.850655,2001,1030,1978,23,42.26,48.11,336.68,-28.49,16
-65,-89,-48,85,3509.76,524287,4095,1,24.828775,102.850655,2001,1031,1978,23,42.26,48.11,336.68,-28.49,16
-65,-89,-46,85,3509.76,524287,4095,1,24.828785,102.850648,2001,1032,1978,23,43.55,49.25,336.33,-27.77,16
-70,-85,-54,87,3509.76,524287,4095,1,24.828785,102.850648,2001,1033,1978,23,43.55,49.25,336.33,-27.77,16
-61,-82,-44,73,3509.76,524287,4095,1,24.828785,102.850648,2001,1034,1978,23,43.55,49.25,336.33,-27.77,16
-61,-82,-39,73,3509.76,524287,4095,1,24.828797,102.850635,2001,1035,1978,23,45.27,50.78,335.35,-26.86,16
-64,-73,-43,79,3509.76,524287,4095,1,24.828797,102.850635,2001,1036,1978,23,45.27,50.78,335.35,-26.86,16
-64,-73,-41,79,3509.76,524287,4095,1,24.82881,102.850625,2001,1037,1978,23,46.99,52.32,334.86,-26.01,16
-54,-78,-36,66,3509.76,524287,4095,1,24.82881,102.850625,2001,1038,1978,23,46.99,52.32,334.86,-26.01,16
-54,-78,-30,66,3509.76,524287,4095,1,24.828823,102.850618,2001,1039,1978,23,48.6,53.77,334.76,-25.26,16
-90,-8,-73,21,3509.76,524287,4095,1,24.828833,102.850615,2001,1040,1978,23,49.73,54.79,334.95,-24.75,16
-62,-71,-47,84,3509.76,524287,4095,1,24.828833,102.850615,2001,1041,1978,23,49.73,54.79,334.95,-24.75,16
-61,-75,-40,74,3509.76,524287,4095,1,24.828833,102.850615,2001,1042,1978,23,49.73,54.79,334.95,-24.75,16
-61,-75,-42,74,3509.76,524287,4095,1,24.828833,102.850615,2001,1043,1978,23,49.73,54.79,334.95,-24.75,16
-58,-70,-39,75,3509.76,524287,4095,1,24.828833,102.850615,2001,1044,1978,23,49.73,54.79,334.95,-24.75,16
-58,-70,-42,75,3509.76,524287,4095,1,24.828833,102.850615,2001,1045,1978,23,49.73,54.79,334.95,-24.75,16
-63,-89,-44,82,3509.76,524287,4095,1,24.828833,102.850615,2001,1046,1978,23,49.73,54.79,334.95,-24.75,16
-63,-89,-42,82,3509.76,524287,4095,1,24.828833,102.850615,2001,1047,1978,23,49.73,54.79,334.95,-24.75,16
-62,-73,-43,73,3509.76,524287,4095,1,24.82883,102.850625,2001,1048,1978,23,49.04,54.17,335.95,-25.06,16
-62,-73,-41,73,3509.76,524287,4095,1,24.828818,102.850633,2001,1049,1978,23,47.5,52.78,336.26,-25.77,16
-62,-73,-42,73,3509.76,524287,4095,1,24.828808,102.85064,2001,1050,1978,23,46.21,51.62,336.59,-26.39,16
-65,-84,-48,79,3509.76,524287,4095,1,24.828797,102.850647,2001,1051,1978,23,44.82,50.38,336.87,-27.09,16
-65,-84,-41,79,3509.76,524287,4095,1,24.828787,102.850652,2001,1052,1978,23,43.6,49.29,336.97,-27.74,16
-60,-82,-37,67,3509.76,524287,4095,1,24.828777,102.850658,2001,1053,1978,23,42.35,48.19,337.21,-28.43,16
-60,-82,-38,67,3509.76,524287,4095,1,24.828765,102.850665,2001,1054,1978,23,40.86,46.89,337.49,-29.3,16
-60,-81,-37,70,3509.76,524287,4095,1,24.828755,102.850672,2001,1055,1978,23,39.57,45.77,337.9,-30.09,16
-60,-81,-41,70,3509.76,524287,4095,1,24.828733,102.850682,2001,1056,1978,23,36.94,43.52,338.07,-31.83,16
-64,-82,-46,78,3509.76,524287,4095,1,24.828722,102.850687,2001,1057,1978,23,35.62,42.4,338.17,-32.77,16
-64,-82,-39,78,3509.76,524287,4095,1,24.828712,102.850692,2001,1058,1978,23,34.4,41.38,338.33,-33.68,16
-65,-84,-41,76,3509.76,524287,4095,1,24.828702,102.850698,2001,1059,1978,23,33.16,40.36,338.69,-34.66,16
-65,-84,-45,76,3509.76,524287,4095,1,24.82869,102.850703,2001,1060,1978,23,31.74,39.2,338.75,-35.84,16
-70,-90,-48,81,3509.76,524287,4095,1,24.828682,102.85071,2001,1061,1978,23,30.67,38.34,339.49,-36.78,16
-70,-90,-52,81,3509.76,524287,4095,1,24.828672,102.850718,2001,1062,1978,23,29.36,37.3,340.35,-37.98,16
-70,-88,-53,79,3509.76,524287,4095,1,24.828662,102.850727,2001,1063,1978,23,28.03,36.26,341.49,-39.28,16
-70,-88,-52,79,3509.76,524287,4095,1,24.828653,102.850735,2001,1064,1976,25,26.84,36.68,342.6,-42.87,16
-74,-89,-50,90,3509.76,524287,4095,1,24.828642,102.850745,2001,1065,1976,25,25.4,35.64,344.16,-44.44,16
-89,-89,-72,11,3509.76,524287,4095,1,24.828623,102.850772,2001,1066,1976,25,22.78,33.82,349.94,-47.56,16
-70,-87,-50,77,3509.76,524287,4095,1,24.828617,102.850785,2001,1067,1976,25,21.95,33.27,353.34,-48.62,16
-70,-87,-50,77,3509.76,524287,4095,1,24.828613,102.850798,2001,1068,1976,25,21.4,32.91,357.03,-49.33,16
-69,-81,-50,76,3509.76,524287,4095,1,24.828612,102.85081,2001,1069,1976,25,21.27,32.82,0.6,-49.5,16
-69,-81,-50,76,3509.76,524287,4095,1,24.828612,102.850822,2001,1070,1976,25,21.31,32.85,4.17,-49.44,16
-64,-65,-40,49,3509.76,524287,4095,1,24.828612,102.850833,2001,1071,1976,25,21.42,32.92,7.42,-49.31,16
-64,-65,-48,49,3509.76,524287,4095,1,24.82861,102.850848,2001,1072,1976,25,21.43,32.93,11.89,-49.29,16
-76,-84,-56,69,3509.76,524287,4095,1,24.828608,102.850863,2001,1073,1976,25,21.55,33.01,16.31,-49.14,16
-76,-84,-55,69,3509.76,524287,4095,1,24.828605,102.850877,2001,1074,1976,25,21.65,33.07,20.45,-49.02,16
-74,-81,-51,70,3509.76,524287,4095,1,24.828605,102.850905,2001,1075,1976,25,22.72,33.78,27.67,-47.66,16
-74,-81,-57,70,3509.76,524287,4095,1,24.828607,102.85092,2001,1076,1976,25,23.61,34.39,30.92,-46.57,16
-71,-84,-49,69,3509.76,524287,4095,1,24.828608,102.850933,2001,1077,1976,25,24.36,34.91,33.62,-45.68,16
-71,-84,-50,69,3509.76,524287,4095,1,24.828608,102.850947,2001,1078,1976,25,25.12,35.44,36.48,-44.8,16
-70,-81,-48,70,3509.76,524287,4095,1,24.828608,102.850958,2001,1079,1976,25,25.76,35.9,38.59,-44.09,16
-70,-81,-51,70,3509.76,524287,4095,1,24.828612,102.85097,2001,1080,1976,25,26.84,36.68,40.16,-42.91,16
-64,-76,-43,65,3509.76,524287,4095,1,24.828617,102.850982,2001,1081,1976,25,28.03,37.56,41.45,-41.68,16
-64,-76,-43,65,3509.76,524287,4095,1,24.828623,102.850992,2001,1082,1976,25,29.18,38.42,42.19,-40.54,16
-64,-80,-41,66,3509.76,524287,4095,1,24.828628,102.851002,2001,1083,1976,25,30.26,39.25,43.01,-39.52,16
-89,-80,-73,9,3509.76,524287,4095,1,24.828635,102.851012,2001,1084,1976,25,31.5,40.22,43.5,-38.39,16
-64,-82,-49,69,3509.76,524287,4095,1,24.82864,102.851023,2001,1085,1976,25,32.65,41.12,44.34,-37.4,16
-64,-82,-48,69,3509.76,524287,4095,1,24.82865,102.851045,2001,1086,1976,25,34.97,42.99,45.86,-35.53,16
-64,-83,-48,66,3509.76,524287,4095,1,24.828657,102.851057,2001,1087,1975,26,36.37,44.71,46.41,-35.53,16
-64,-83,-46,66,3509.76,524287,4095,1,24.828665,102.85107,2001,1088,1976,25,37.92,45.42,46.92,-33.37,16
-67,-70,-49,69,3509.76,524287,4095,1,24.828672,102.85108,2001,1089,1976,25,39.18,46.48,47.19,-32.51,16
-67,-70,-48,69,3509.76,524287,4095,1,24.828678,102.851092,2001,1090,1976,25,40.51,47.6,47.75,-31.65,16
-64,-81,-46,67,3509.76,524287,4095,1,24.828682,102.851102,2001,1091,1976,25,41.54,48.48,48.29,-31.02,16
-64,-81,-45,67,3509.76,524287,4095,1,24.828687,102.851112,2001,1092,1976,25,42.65,49.44,48.71,-30.35,16
-69,-87,-45,76,3509.76,524287,4095,1,24.82869,102.851122,2001,1093,1976,25,43.61,50.27,49.31,-29.8,16
-69,-87,-53,76,3509.76,524287,4095,1,24.828693,102.851135,2001,1094,1976,25,44.8,51.3,50.14,-29.14,16
-67,-85,-52,74,3509.76,524287,4095,1,24.828702,102.851148,2001,1095,1976,25,46.44,52.74,50.33,-28.27,16
-67,-85,-48,74,3509.76,524287,4095,1,24.828713,102.85117,2001,1096,1976,25,48.91,54.93,51.01,-27.05,16
-67,-82,-46,71,3509.76,524287,4095,1,24.828715,102.85118,2001,1097,1976,25,49.82,55.74,51.59,-26.63,16
-78,-89,-54,95,3509.76,524287,4095,1,24.828715,102.85118,2001,1098,1976,25,49.82,55.74,51.59,-26.63,16
-78,-89,-53,95,3509.76,524287,4095,1,24.828717,102.851198,2001,1099,1976,25,51.35,57.11,52.71,-25.95,16
-78,-89,-57,95,3509.76,524287,4095,1,24.828718,102.85121,2001,1100,1976,25,52.36,58.02,53.45,-25.51,16
-71,-80,-56,77,3509.76,524287,4095,1,24.82872,102.851222,2001,1101,1976,25,53.44,59,54.07,-25.06,16
-85,-80,-64,18,3509.76,524287,4095,1,24.828722,102.851235,2001,1102,1976,25,54.61,60.06,54.73,-24.59,16
-71,-85,-48,85,3509.76,524287,4095,1,24.828725,102.851248,2001,1103,1976,25,55.86,61.2,55.27,-24.11,16
-71,-85,-49,85,3509.76,524287,4095,1,24.828728,102.85126,2001,1104,1976,25,57.02,62.26,55.73,-23.67,16
-68,-87,-49,78,3509.76,524287,4095,1,24.828732,102.85127,2001,1105,1976,25,58.1,63.25,55.97,-23.28,16
-68,-87,-45,78,3509.76,524287,4095,1,24.828737,102.851287,2001,1106,1976,25,59.81,64.82,56.5,-22.68,16
-74,-88,-53,86,3509.76,524287,4095,1,24.828737,102.851287,2001,1107,1976,25,59.81,64.82,56.5,-22.68,16
-74,-88,-57,86,3509.76,524287,4095,1,24.828743,102.851303,2001,1108,1976,25,61.51,66.4,56.87,-22.11,16
-72,-86,-55,80,3509.76,524287,4095,1,24.828748,102.851317,2001,1109,1976,25,62.99,67.77,57.2,-21.65,16
-72,-86,-56,80,3509.76,524287,4095,1,24.828753,102.851327,2001,1110,1976,25,64.13,68.83,57.32,-21.29,16
-67,-85,-50,78,3509.76,524287,4095,1,24.828758,102.85134,2001,1111,1976,25,65.53,70.14,57.57,-20.88,16
-67,-85,-45,78,3509.76,524287,4095,1,24.82876,102.851352,2001,1112,1976,25,66.65,71.18,57.99,-20.56,16
-71,-88,-54,79,3509.76,524287,4095,1,24.828762,102.851375,2001,1113,1974,27,68.71,73.82,58.9,-21.45,16
-71,-88,-48,79,3509.76,524287,4095,1,24.828762,102.851385,2001,1114,1974,27,69.55,74.61,59.34,-21.22,16
-71,-82,-49,83,3509.76,524287,4095,1,24.828762,102.851385,2001,1115,1974,27,69.55,74.61,59.34,-21.22,16
-71,-82,-48,83,3509.76,524287,4095,1,24.828767,102.851402,2001,1116,1974,27,71.3,76.24,59.71,-20.74,16
-69,-65,-54,77,3509.76,524287,4095,1,24.828772,102.85141,2001,1117,1974,27,72.28,77.16,59.68,-20.49,16
-69,-65,-45,77,3509.76,524287,4095,1,24.828777,102.85142,2001,1118,1974,27,73.43,78.24,59.74,-20.19,16
-72,-85,-50,83,3509.76,524287,4095,1,24.828782,102.85143,2001,1119,1974,27,74.58,79.32,59.8,-19.9,16
-85,-85,-66,19,3509.76,524287,4095,1,24.828787,102.85144,2001,1120,1974,27,75.73,80.4,59.86,-19.63,16
-74,-87,-54,85,3509.76,524287,4095,1,24.828792,102.85145,2001,1121,1974,27,76.88,81.48,59.91,-19.35,16
-70,-84,-52,71,3509.76,524287,4095,1,24.8288,102.851472,2001,1122,1974,27,79.23,83.7,60.22,-18.82,16
-70,-84,-54,71,3509.76,524287,4095,1,24.828805,102.851485,2001,1123,1974,27,80.64,85.04,60.37,-18.51,16
-70,-84,-51,71,3509.76,524287,4095,1,24.828812,102.851497,2001,1124,1974,27,82.08,86.41,60.36,-18.21,16
-62,-72,-42,62,3509.76,524287,4095,1,24.828817,102.85151,2001,1125,1974,27,83.49,87.75,60.51,-17.92,16
-62,-72,-39,62,3509.76,524287,4095,1,24.82882,102.851522,2001,1126,1974,27,84.69,88.89,60.74,-17.69,16
-70,-87,-48,79,3509.76,524287,4095,1,24.82882,102.851522,2001,1127,1974,27,84.69,88.89,60.74,-17.69,16
-70,-87,-48,79,3509.76,524287,4095,1,24.828822,102.851535,2001,1128,1974,27,85.93,90.07,61.06,-17.45,16
-71,-84,-49,81,3509.76,524287,4095,1,24.828823,102.851547,2001,1129,1974,27,87.03,91.12,61.39,-17.24,16
-71,-84,-52,81,3509.76,524287,4095,1,24.82883,102.851568,2001,1130,1974,27,89.25,93.24,61.65,-16.84,16
-76,-80,-55,87,3509.76,524287,4095,1,24.828833,102.85158,2001,1131,1974,27,90.46,94.4,61.85,-16.62,16
-76,-80,-51,87,3509.76,524287,4095,1,24.828837,102.85159,2001,1132,1974,27,91.56,95.46,61.93,-16.44,16
-81,-86,-65,94,3509.76,524287,4095,1,24.828837,102.85159,2001,1133,1974,27,91.56,95.46,61.93,-16.44,16
-81,-86,-59,94,3509.76,524287,4095,1,24.82884,102.851607,2001,1134,1974,27,93.21,97.04,62.27,-16.16,16
-81,-88,-65,92,3509.76,524287,4095,1,24.828842,102.851618,2001,1135,1974,27,94.29,98.08,62.48,-15.98,16
-80,-86,-61,83,3509.76,524287,4095,1,24.828842,102.851618,2001,1136,1974,27,94.29,98.08,62.48,-15.98,16
-80,-86,-60,83,3509.76,524287,4095,1,24.828843,102.851638,2001,1137,1974,27,96.1,99.82,62.99,-15.7,16
-83,-86,-64,17,3509.76,524287,4095,1,24.828838,102.851662,2001,1138,1972,29,97.96,102.16,63.92,-16.5,16
-74,-83,-58,80,3509.76,524287,4095,1,24.828838,102.851672,2001,1139,1972,29,98.86,103.03,64.18,-16.36,16
-74,-83,-58,80,3509.76,524287,4095,1,24.828837,102.851685,2001,1140,1972,29,99.97,104.09,64.57,-16.19,16
-69,-87,-48,72,3509.76,524287,4095,1,24.828837,102.8517,2001,1141,1972,29,101.31,105.38,64.94,-15.98,16
-69,-87,-50,72,3509.76,524287,4095,1,24.828837,102.851715,2001,1142,1972,29,102.67,106.69,65.31,-15.78,16
-76,-88,-55,76,3509.76,524287,4095,1,24.828835,102.851727,2001,1143,1972,29,103.65,107.63,65.7,-15.64,16
-76,-88,-51,76,3509.76,524287,4095,1,24.828832,102.851738,2001,1144,1972,29,104.5,108.45,66.11,-15.52,16
-70,-84,-46,76,3509.76,524287,4095,1,24.828832,102.851748,2001,1145,1972,29,105.42,109.34,66.33,-15.39,16
-70,-84,-45,76,3509.76,524287,4095,1,24.828833,102.85177,2001,1146,1972,29,107.47,111.31,66.77,-15.11,16
-75,-83,-55,74,3509.76,524287,4095,1,24.828833,102.851783,2001,1147,1972,29,108.66,112.46,67.04,-14.95,16
-75,-83,-53,74,3509.76,524287,4095,1,24.828835,102.851793,2001,1148,1972,29,109.67,113.44,67.15,-14.82,16
-71,-86,-53,74,3509.76,524287,4095,1,24.828835,102.851793,2001,1149,1972,29,109.67,113.44,67.15,-14.82,16
-68,-84,-50,60,3509.76,524287,4095,1,24.828835,102.851793,2001,1150,1972,29,109.67,113.44,67.15,-14.82,16
-68,-84,-46,60,3509.76,524287,4095,1,24.828833,102.851803,2001,1151,1972,29,110.5,114.24,67.46,-14.72,16
-73,-81,-58,60,3509.76,524287,4095,1,24.828833,102.851803,2001,1152,1972,29,110.5,114.24,67.46,-14.72,16
-73,-81,-58,60,3509.76,524287,4095,1,24.828815,102.851802,2001,1153,1972,29,109.6,113.37,68.33,-14.83,16
-73,-81,-56,60,3509.76,524287,4095,1,24.828803,102.8518,2001,1154,1972,29,108.89,112.69,68.89,-14.93,16
-76,-82,-59,80,3509.76,524287,4095,1,24.828785,102.851797,2001,1155,1972,29,107.84,111.67,69.74,-15.06,16
-82,-82,-58,16,3509.76,524287,4095,1,24.828785,102.851797,2001,1156,1972,29,107.84,111.67,69.74,-15.06,16
-75,-82,-50,77,3509.76,524287,4095,1,24.828772,102.851792,2001,1157,1972,29,106.84,110.71,70.32,-15.2,16
-67,-85,-45,65,3509.76,524287,4095,1,24.828772,102.851792,2001,1158,1972,29,106.84,110.71,70.32,-15.2,16
-67,-85,-50,65,3509.76,524287,4095,1,24.82876,102.85178,2001,1159,1972,29,105.23,109.15,70.72,-15.42,16
-67,-85,-44,65,3509.76,524287,4095,1,24.828752,102.851772,2001,1160,1972,29,104.16,108.12,71,-15.57,16
-71,-86,-47,66,3509.76,524287,4095,1,24.828743,102.851762,2001,1161,1972,29,102.86,106.87,71.3,-15.76,16
-71,-86,-50,66,3509.76,524287,4095,1,24.828735,102.851752,2001,1162,1972,29,101.61,105.67,71.55,-15.95,16
-79,-88,-54,79,3509.76,524287,4095,1,24.828722,102.851742,2001,1163,1972,29,100.17,104.28,72.08,-16.16,16
-79,-88,-62,79,3509.76,524287,4095,1,24.828712,102.851737,2001,1164,1972,29,99.33,103.48,72.55,-16.29,16
-75,-86,-54,76,3509.76,524287,4095,1,24.828702,102.851732,2001,1165,1972,29,98.49,102.67,73.03,-16.42,16
-75,-86,-51,84,3509.76,524287,4095,1,24.828702,102.851732,2001,1166,1972,29,98.49,102.67,73.03,-16.42,16
-75,-86,-58,84,3509.76,524287,4095,1,24.828687,102.851722,2001,1167,1972,29,97.01,101.25,73.72,-16.66,16
-75,-86,-56,84,3509.76,524287,4095,1,24.82868,102.851712,2001,1168,1972,29,95.82,100.11,73.95,-16.86,16
-71,-85,-47,75,3509.76,524287,4095,1,24.828673,102.851702,2001,1169,1972,29,94.62,98.96,74.2,-17.06,16
-71,-85,-49,75,3509.76,524287,4095,1,24.828667,102.85169,2001,1170,1972,29,93.26,97.66,74.36,-17.29,16
-72,-76,-54,74,3509.76,524287,4095,1,24.82866,102.851678,2001,1171,1972,29,91.88,96.35,74.58,-17.54,16
-72,-76,-52,74,3509.76,524287,4095,1,24.828645,102.851653,2001,1172,1973,28,88.98,93.28,75.09,-17.49,16
-67,-74,-46,60,3509.76,524287,4095,1,24.82864,102.85164,2001,1173,1973,28,87.57,91.94,75.19,-17.75,16
-81,-74,-60,12,3509.76,524287,4095,1,24.828635,102.851625,2001,1174,1973,28,85.96,90.41,75.26,-18.06,16
-69,-84,-47,72,3509.76,524287,4095,1,24.828632,102.851615,2001,1175,1973,28,84.89,89.39,75.28,-18.28,16
-69,-84,-46,72,3509.76,524287,4095,1,24.828627,102.851603,2001,1176,1973,28,83.57,88.14,75.41,-18.54,16
-78,-87,-57,87,3509.76,524287,4095,1,24.828623,102.85159,2001,1177,1973,28,82.19,86.83,75.45,-18.84,16
-78,-87,-56,87,3509.76,524287,4095,1,24.828617,102.851578,2001,1178,1973,28,80.84,85.55,75.65,-19.13,16
-71,-85,-50,74,3509.76,524287,4095,1,24.82861,102.851568,2001,1179,1973,28,79.66,84.44,75.96,-19.39,16
-71,-85,-48,74,3509.76,524287,4095,1,24.828602,102.851553,2001,1180,1973,28,77.96,82.84,76.27,-19.78,16
-79,-87,-63,95,3509.76,524287,4095,1,24.828598,102.851543,2001,1181,1973,28,76.87,81.81,76.39,-20.04,16
-79,-87,-58,95,3509.76,524287,4095,1,24.828593,102.85153,2001,1182,1973,28,75.46,80.49,76.53,-20.38,16
-69,-85,-54,74,3509.76,524287,4095,1,24.82859,102.85152,2001,1183,1973,28,74.4,79.49,76.57,-20.65,16
-71,-86,-46,79,3509.76,524287,4095,1,24.82859,102.85152,2001,1184,1973,28,74.4,79.49,76.57,-20.65,16
-71,-86,-52,79,3509.76,524287,4095,1,24.828587,102.851503,2001,1185,1973,28,72.65,77.86,76.49,-21.1,16
-71,-86,-46,79,3509.76,524287,4095,1,24.828583,102.851493,2001,1186,1973,28,71.56,76.84,76.62,-21.4,16
-67,-87,-46,74,3509.76,524287,4095,1,24.828575,102.851473,2001,1187,1973,28,69.38,74.82,76.88,-22,16
-67,-87,-50,74,3509.76,524287,4095,1,24.828572,102.851463,2001,1188,1973,28,68.32,73.84,76.94,-22.31,16
-74,-88,-58,84,3509.76,524287,4095,1,24.828567,102.851452,2001,1189,1973,28,67.11,72.72,77.14,-22.68,16
-74,-88,-50,84,3509.76,524287,4095,1,24.828563,102.851442,2001,1190,1973,28,66.02,71.71,77.29,-23.01,16
-71,-85,-52,79,3509.76,524287,4095,1,24.828563,102.851432,2001,1191,1973,28,65.04,70.81,77.09,-23.32,16
-81,-85,-63,14,3509.76,524287,4095,1,24.828563,102.851432,2001,1192,1973,28,65.04,70.81,77.09,-23.32,16
-70,-86,-53,83,3509.76,524287,4095,1,24.828558,102.851413,2001,1193,1973,28,63.04,68.98,77.15,-23.98,16
-70,-86,-45,83,3509.76,524287,4095,1,24.828557,102.851402,2001,1194,1973,28,61.94,67.97,77.01,-24.36,16
-71,-88,-54,81,3509.76,524287,4095,1,24.828553,102.85139,2001,1195,1973,28,60.65,66.8,77.13,-24.81,16
-71,-88,-46,81,3509.76,524287,4095,1,24.82855,102.851378,2001,1196,1973,28,59.39,65.66,77.15,-25.27,16
-68,-84,-47,75,3509.76,524287,4095,1,24.828545,102.851368,2001,1197,1973,28,58.28,64.66,77.42,-25.69,16
-68,-84,-48,75,3509.76,524287,4095,1,24.828537,102.851342,2001,1198,1975,26,55.52,61.31,77.64,-25.13,16
-67,-78,-52,76,3509.76,524287,4095,1,24.82853,102.85133,2001,1199,1975,26,54.16,60.08,78.1,-25.68,16
-67,-78,-48,76,3509.76,524287,4095,1,24.828527,102.85132,2001,1200,1975,26,53.1,59.12,78.2,-26.12,16
-69,-85,-47,77,3509.76,524287,4095,1,24.828522,102.85131,2001,1201,1975,26,51.99,58.13,78.51,-26.6,16
-69,-85,-51,77,3509.76,524287,4095,1,24.828517,102.851298,2001,1202,1975,26,50.69,56.97,78.8,-27.19,16
-68,-86,-49,77,3509.76,524287,4095,1,24.828513,102.851287,2001,1203,1975,26,49.51,55.92,79.01,-27.74,16
-68,-86,-51,77,3509.76,524287,4095,1,24.82851,102.851275,2001,1204,1975,26,48.25,54.81,79.09,-28.35,16
-68,-88,-53,78,3509.76,524287,4095,1,24.828505,102.851263,2001,1205,1975,26,46.95,53.67,79.42,-29.01,16
-68,-88,-47,78,3509.76,524287,4095,1,24.8285,102.85125,2001,1206,1975,26,45.55,52.45,79.74,-29.75,16
-66,-84,-46,73,3509.76,524287,4095,1,24.828495,102.85124,2001,1207,1975,26,44.45,51.5,80.15,-30.36,16
-66,-84,-47,73,3509.76,524287,4095,1,24.828492,102.851217,2001,1208,1975,26,42.11,49.49,80.02,-31.73,16
-68,-82,-52,80,3509.76,524287,4095,1,24.828492,102.851207,2001,1209,1975,26,41.12,48.65,79.77,-32.35,16
-89,-82,-68,14,3509.76,524287,4095,1,24.828492,102.851207,2001,1210,1975,26,41.12,48.65,79.77,-32.35,16
-67,-81,-50,81,3509.76,524287,4095,1,24.828485,102.851188,2001,1211,1975,26,39.08,46.94,80.29,-33.67,16
-67,-81,-47,76,3509.76,524287,4095,1,24.828485,102.851188,2001,1212,1975,26,39.08,46.94,80.29,-33.67,16
-67,-81,-45,76,3509.76,524287,4095,1,24.828467,102.851175,2001,1213,1975,26,37.46,45.6,82.7,-34.8,16
-67,-81,-45,76,3509.76,524287,4095,1,24.828455,102.85117,2001,1214,1975,26,36.8,45.06,84.48,-35.29,16
-68,-86,-52,75,3509.76,524287,4095,1,24.828445,102.851168,2001,1215,1975,26,36.5,44.81,86.03,-35.51,16
-68,-86,-44,75,3509.76,524287,4095,1,24.828435,102.851167,2001,1216,1975,26,36.33,44.68,87.61,-35.64,16
-69,-81,-51,81,3509.76,524287,4095,1,24.828423,102.851165,2001,1217,1975,26,36.09,44.48,89.52,-35.82,16
-69,-81,-53,81,3509.76,524287,4095,1,24.828407,102.851168,2001,1218,1975,26,36.42,44.75,92.07,-35.57,16
-66,-85,-50,78,3509.76,524287,4095,1,24.828407,102.851168,2001,1219,1975,26,36.42,44.75,92.07,-35.57,16
-66,-85,-47,78,3509.76,524287,4095,1,24.82839,102.851175,2001,1220,1974,27,37.25,46.01,94.67,-35.98,16
-64,-86,-47,74,3509.76,524287,4095,1,24.82838,102.851182,2001,1221,1974,27,38.07,46.67,96.1,-35.39,16
-64,-86,-48,74,3509.76,524287,4095,1,24.828368,102.851205,2001,1222,1974,27,40.54,48.71,97.46,-33.7,16
-69,-80,-46,74,3509.76,524287,4095,1,24.828365,102.851222,2001,1223,1974,27,42.29,50.17,97.57,-32.6,16
-69,-80,-45,74,3509.76,524287,4095,1,24.828365,102.85124,2001,1224,1974,27,44.09,51.7,97.26,-31.52,16
-68,-79,-47,74,3509.76,524287,4095,1,24.828365,102.851253,2001,1225,1974,27,45.4,52.82,97.05,-30.78,16
-68,-79,-47,74,3509.76,524287,4095,1,24.828367,102.851267,2001,1226,1974,27,46.77,54,96.59,-30.04,16
-70,-85,-49,71,3509.76,524287,4095,1,24.828368,102.851278,2001,1227,1974,27,47.86,54.95,96.31,-29.47,16
-70,-85,-48,71,3509.76,524287,4095,1,24.828372,102.85129,2001,1228,1974,27,49.01,55.96,95.69,-28.89,16
-68,-82,-43,72,3509.76,524287,4095,1,24.82838,102.85131,2001,1229,1974,27,50.94,57.65,94.56,-27.96,16
-68,-82,-44,72,3509.76,524287,4095,1,24.828385,102.85132,2001,1230,1974,27,51.9,58.5,93.91,-27.52,16
-71,-87,-55,75,3509.76,524287,4095,1,24.82839,102.851332,2001,1231,1974,27,53.08,59.55,93.28,-27,16
-71,-87,-47,75,3509.76,524287,4095,1,24.828393,102.851342,2001,1232,1974,27,54.06,60.43,92.89,-26.58,16
-69,-83,-53,75,3509.76,524287,4095,1,24.828397,102.851353,2001,1233,1975,26,55.15,60.97,92.42,-25.28,16
-69,-83,-53,75,3509.76,524287,4095,1,24.8284,102.851365,2001,1234,1973,28,56.35,62.92,92.06,-26.46,16
-69,-83,-45,72,3509.76,524287,4095,1,24.828405,102.851377,2001,1235,1973,28,57.54,63.99,91.51,-25.99,16
-69,-83,-49,72,3509.76,524287,4095,1,24.82841,102.851385,2001,1236,1973,28,58.34,64.71,90.99,-25.68,16
-70,-81,-51,74,3509.76,524287,4095,1,24.82841,102.851385,2001,1237,1973,28,58.34,64.71,90.99,-25.68,16
-70,-81,-52,74,3509.76,524287,4095,1,24.828423,102.851397,2001,1238,1973,28,59.54,65.8,89.71,-25.22,16
-69,-85,-54,77,3509.76,524287,4095,1,24.82843,102.851412,2001,1239,1973,28,61.07,67.18,89.05,-24.67,16
-69,-85,-45,77,3509.76,524287,4095,1,24.828435,102.851423,2001,1240,1973,28,62.19,68.2,88.6,-24.27,16
-72,-85,-52,82,3509.76,524287,4095,1,24.828437,102.851437,2001,1241,1973,28,63.61,69.5,88.45,-23.79,16
-72,-85,-57,82,3509.76,524287,4095,1,24.828438,102.85145,2001,1242,1973,28,64.93,70.71,88.39,-23.36,16
-72,-87,-54,77,3509.76,524287,4095,1,24.82844,102.851462,2001,1243,1973,28,66.15,71.83,88.25,-22.98,16
-72,-87,-50,77,3509.76,524287,4095,1,24.828442,102.851473,2001,1244,1973,28,67.27,72.86,88.11,-22.63,16
-75,-88,-52,85,3509.76,524287,4095,1,24.828443,102.851485,2001,1245,1973,28,68.49,73.99,88.05,-22.27,16
-81,-88,-56,19,3509.76,524287,4095,1,24.828447,102.851497,2001,1246,1973,28,69.72,75.13,87.76,-21.92,16
-78,-87,-56,90,3509.76,524287,4095,1,24.82845,102.85151,2001,1247,1973,28,71.04,76.36,87.55,-21.54,16
-78,-87,-54,90,3509.76,524287,4095,1,24.828452,102.851522,2001,1248,1973,28,72.27,77.5,87.43,-21.21,16
-80,-85,-64,93,3509.76,524287,4095,1,24.828453,102.851547,2001,1249,1973,28,74.79,79.86,87.44,-20.56,16
-80,-85,-61,93,3509.76,524287,4095,1,24.828455,102.85156,2001,1250,1973,28,76.12,81.11,87.34,-20.23,16
-77,-86,-53,90,3509.76,524287,4095,1,24.82846,102.85157,2001,1251,1973,28,77.16,82.08,87,-19.98,16
-77,-86,-58,90,3509.76,524287,4095,1,24.828463,102.85158,2001,1252,1973,28,78.19,83.05,86.81,-19.73,16
-76,-83,-52,88,3509.76,524287,4095,1,24.828465,102.851592,2001,1253,1973,28,79.41,84.2,86.71,-19.45,16
-76,-83,-52,88,3509.76,524287,4095,1,24.828465,102.851602,2001,1254,1973,28,80.42,85.16,86.76,-19.23,16
-74,-81,-57,84,3509.76,524287,4095,1,24.828467,102.851613,2001,1255,1973,28,81.54,86.21,86.66,-18.98,16
-74,-81,-56,84,3509.76,524287,4095,1,24.828468,102.851625,2001,1256,1973,28,82.76,87.37,86.64,-18.72,16
-79,-82,-54,95,3509.76,524287,4095,1,24.828472,102.851637,2001,1257,1973,28,84,88.54,86.41,-18.46,16
-79,-82,-62,95,3509.76,524287,4095,1,24.828477,102.851648,2001,1258,1973,28,85.15,89.64,86.12,-18.23,16
-76,-85,-59,89,3509.76,524287,4095,1,24.828477,102.851648,2001,1259,1973,28,85.15,89.64,86.12,-18.23,16
-76,-85,-54,89,3509.76,524287,4095,1,24.828492,102.851673,2001,1260,1971,30,87.81,92.79,85.24,-18.89,16
-76,-82,-55,88,3509.76,524287,4095,1,24.828492,102.851673,2001,1261,1971,30,87.81,92.79,85.24,-18.89,16
-76,-82,-58,88,3509.76,524287,4095,1,24.828498,102.851692,2001,1262,1971,30,89.78,94.66,84.96,-18.51,16
-73,-87,-50,89,3509.76,524287,4095,1,24.8285,102.851702,2001,1263,1971,30,90.81,95.64,84.89,-18.31,16
-73,-87,-55,89,3509.76,524287,4095,1,24.828502,102.851712,2001,1264,1971,30,91.84,96.62,84.82,-18.12,16
-74,-86,-53,92,3509.76,524287,4095,1,24.828505,102.851723,2001,1265,1971,30,92.98,97.7,84.69,-17.91,16
-68,-78,-47,76,3509.76,524287,4095,1,24.828505,102.851723,2001,1266,1971,30,92.98,97.7,84.69,-17.91,16
-68,-78,-43,76,3509.76,524287,4095,1,24.828512,102.851732,2001,1267,1971,30,93.96,98.63,84.31,-17.73,16
-67,-81,-43,79,3509.76,524287,4095,1,24.828512,102.851732,2001,1268,1971,30,93.96,98.63,84.31,-17.73,16
-67,-81,-46,79,3509.76,524287,4095,1,24.828512,102.851732,2001,1269,1971,30,93.96,98.63,84.31,-17.73,16
-67,-81,-50,79,3509.76,524287,4095,1,24.828508,102.85172,2001,1270,1971,30,92.71,97.44,84.49,-17.96,16
-72,-89,-48,91,3509.76,524287,4095,1,24.828508,102.85172,2001,1271,1971,30,92.71,97.44,84.49,-17.96,16
-81,-89,-56,15,3509.76,524287,4095,1,24.828508,102.85172,2001,1272,1971,30,92.71,97.44,84.49,-17.96,16
-69,-87,-51,79,3509.76,524287,4095,1,24.828508,102.85172,2001,1273,1971,30,92.71,97.44,84.49,-17.96,16
-69,-87,-48,79,3509.76,524287,4095,1,24.828518,102.851725,2001,1274,1971,30,93.33,98.03,83.9,-17.85,16
-69,-87,-52,78,3509.76,524287,4095,1,24.828533,102.851728,2001,1275,1971,30,93.84,98.52,83,-17.76,16
-63,-84,-45,79,3509.76,524287,4095,1,24.828533,102.851728,2001,1276,1971,30,93.84,98.52,83,-17.76,16
-63,-84,-42,79,3509.76,524287,4095,1,24.828552,102.851728,2001,1277,1971,30,94.14,98.8,81.84,-17.7,16
-63,-84,-40,79,3509.76,524287,4095,1,24.828562,102.851725,2001,1278,1971,30,94.02,98.69,81.2,-17.72,16
-63,-77,-43,74,3509.76,524287,4095,1,24.828572,102.85172,2001,1279,1971,30,93.72,98.4,80.54,-17.78,16
-63,-77,-43,74,3509.76,524287,4095,1,24.828583,102.851715,2001,1280,1971,30,93.45,98.15,79.81,-17.82,16
-64,-83,-48,73,3509.76,524287,4095,1,24.828593,102.85171,2001,1281,1971,30,93.17,97.88,79.14,-17.87,16
-81,-4,-65,13,3509.76,524287,4095,1,24.828593,102.85171,2001,1282,1971,30,93.17,97.88,79.14,-17.87,16
-70,-84,-47,78,3509.76,524287,4095,1,24.828612,102.851702,2001,1283,1971,30,92.84,97.57,77.88,-17.93,16
-70,-84,-52,78,3509.76,524287,4095,1,24.828623,102.851697,2001,1284,1971,30,92.64,97.38,77.14,-17.97,16
-71,-87,-53,76,3509.76,524287,4095,1,24.828635,102.851693,2001,1285,1971,30,92.58,97.32,76.35,-17.98,16
-71,-87,-55,76,3509.76,524287,4095,1,24.828655,102.851687,2001,1286,1971,30,92.59,97.33,75.03,-17.97,16
-68,-83,-47,69,3509.76,524287,4095,1,24.828665,102.851685,2001,1287,1972,29,92.72,97.15,74.39,-17.39,16
-68,-83,-52,69,3509.76,524287,4095,1,24.828677,102.851685,2001,1288,1972,29,93.11,97.52,73.67,-17.32,16
-70,-85,-47,71,3509.76,524287,4095,1,24.828687,102.851687,2001,1289,1972,29,93.65,98.04,73.1,-17.22,16
-70,-85,-52,71,3509.76,524287,4095,1,24.828697,102.851687,2001,1290,1972,29,94.01,98.38,72.51,-17.16,16
-72,-82,-55,63,3509.76,524287,4095,1,24.828708,102.851687,2001,1291,1972,29,94.41,98.76,71.86,-17.09,16
-72,-82,-56,63,3509.76,524287,4095,1,24.828718,102.851683,2001,1292,1972,29,94.41,98.76,71.19,-17.09,16
-66,-76,-45,61,3509.76,524287,4095,1,24.828728,102.851682,2001,1293,1972,29,94.71,99.05,70.59,-17.04,16
-66,-76,-46,61,3509.76,524287,4095,1,24.828747,102.851672,2001,1294,1972,29,94.55,98.9,69.27,-17.07,16
-69,-83,-45,67,3509.76,524287,4095,1,24.828755,102.851665,2001,1295,1972,29,94.25,98.61,68.65,-17.12,16
-69,-83,-50,67,3509.76,524287,4095,1,24.82877,102.85165,2001,1296,1974,27,93.53,97.35,67.43,-16.11,16
-76,-87,-61,74,3509.76,524287,4095,1,24.828777,102.85164,2001,1297,1974,27,92.94,96.78,66.78,-16.21,16
-76,-87,-56,74,3509.76,524287,4095,1,24.828777,102.85163,2001,1298,1974,27,92.03,95.91,66.52,-16.36,16
-79,-86,-64,76,3509.76,524287,4095,1,24.828777,102.85163,2001,1299,1974,27,92.03,95.91,66.52,-16.36,16
-79,-86,-59,76,3509.76,524287,4095,1,24.828777,102.851612,2001,1300,1974,27,90.39,94.34,66.06,-16.64,16
-79,-88,-55,86,3509.76,524287,4095,1,24.828775,102.851602,2001,1301,1974,27,89.38,93.37,65.91,-16.82,16
-79,-88,-60,86,3509.76,524287,4095,1,24.828775,102.851592,2001,1302,1974,27,88.47,92.5,65.64,-16.98,16
-73,-87,-54,83,3509.76,524287,4095,1,24.828775,102.851592,2001,1303,1974,27,88.47,92.5,65.64,-16.98,16
-73,-87,-57,83,3509.76,524287,4095,1,24.828777,102.851572,2001,1304,1974,27,86.77,90.87,64.95,-17.29,16
-73,-85,-48,84,3509.76,524287,4095,1,24.82878,102.851545,2001,1305,1974,27,84.5,88.71,63.97,-17.73,16
-73,-85,-50,84,3509.76,524287,4095,1,24.828782,102.851528,2001,1306,1974,27,83.1,87.38,63.31,-18.01,16
-72,-85,-56,78,3509.76,524287,4095,1,24.828783,102.851513,2001,1307,1974,27,81.83,86.17,62.76,-18.27,16
-78,-85,-54,14,3509.76,524287,4095,1,24.828783,102.851502,2001,1308,1974,27,80.86,85.25,62.39,-18.47,16
-71,-87,-48,70,3509.76,524287,4095,1,24.828783,102.851502,2001,1309,1974,27,80.86,85.25,62.39,-18.47,16
-71,-87,-46,70,3509.76,524287,4095,1,24.828778,102.851472,2001,1310,1974,27,77.96,82.5,61.67,-19.11,16
-72,-87,-53,78,3509.76,524287,4095,1,24.828777,102.851462,2001,1311,1974,27,77.04,81.63,61.37,-19.32,16
-72,-87,-56,78,3509.76,524287,4095,1,24.828772,102.851452,2001,1312,1974,27,75.89,80.55,61.34,-19.59,16
-69,-84,-51,66,3509.76,524287,4095,1,24.828767,102.851438,2001,1313,1974,27,74.39,79.14,61.15,-19.95,16
-69,-84,-45,66,3509.76,524287,4095,1,24.828762,102.851427,2001,1314,1974,27,73.15,77.97,61.08,-20.26,16
-76,-84,-56,84,3509.76,524287,4095,1,24.828758,102.851413,2001,1315,1974,27,71.71,76.62,60.81,-20.64,16
-78,-84,-53,13,3509.76,524287,4095,1,24.828753,102.851398,2001,1316,1974,27,70.13,75.15,60.56,-21.06,16
-73,-84,-48,78,3509.76,524287,4095,1,24.828752,102.851368,2001,1317,1974,27,67.51,72.71,59.34,-21.8,16
-73,-84,-51,78,3509.76,524287,4095,1,24.828753,102.851352,2001,1318,1976,25,66.22,70.78,58.53,-20.68,16
-67,-84,-46,71,3509.76,524287,4095,1,24.828755,102.851335,2001,1319,1976,25,64.92,69.57,57.56,-21.06,16
-67,-84,-47,71,3509.76,524287,4095,1,24.828753,102.851325,2001,1320,1976,25,63.97,68.68,57.21,-21.34,16
-73,-86,-49,74,3509.76,524287,4095,1,24.828752,102.851315,2001,1321,1976,25,63.08,67.85,56.78,-21.62,16
-73,-86,-49,74,3509.76,524287,4095,1,24.828752,102.851302,2001,1322,1976,25,62.02,66.87,56.1,-21.95,16
-76,-74,-56,88,3509.76,524287,4095,1,24.828752,102.851288,2001,1323,1976,25,60.88,65.81,55.33,-22.32,16
-76,-74,-56,88,3509.76,524287,4095,1,24.82875,102.851275,2001,1324,1976,25,59.71,64.73,54.75,-22.71,16
-74,-88,-50,80,3509.76,524287,4095,1,24.828748,102.851262,2001,1325,1976,25,58.54,63.65,54.15,-23.12,16
-78,-88,-59,16,3509.76,524287,4095,1,24.828745,102.851252,2001,1326,1976,25,57.54,62.74,53.8,-23.48,16
-75,-88,-54,86,3509.76,524287,4095,1,24.828743,102.851238,2001,1327,1976,25,56.3,61.6,53.09,-23.93,16
-75,-88,-57,86,3509.76,524287,4095,1,24.828738,102.851208,2001,1328,1976,25,53.63,59.17,51.52,-24.98,16
-73,-89,-56,81,3509.76,524287,4095,1,24.828737,102.851193,2001,1329,1976,25,52.42,58.08,50.53,-25.48,16
-73,-89,-52,81,3509.76,524287,4095,1,24.828733,102.851182,2001,1330,1976,25,51.3,57.07,50.07,-25.96,16
-72,-84,-49,81,3509.76,524287,4095,1,24.828728,102.851172,2001,1331,1976,25,50.18,56.06,49.76,-26.46,16
-77,-89,-57,93,3509.76,524287,4095,1,24.828728,102.851172,2001,1332,1976,25,50.18,56.06,49.76,-26.46,16
-77,-89,-55,93,3509.76,524287,4095,1,24.828718,102.85116,2001,1333,1976,25,48.54,54.6,49.75,-27.23,16
-87,-89,-70,13,3509.76,524287,4095,1,24.828715,102.851138,2001,1334,1976,25,46.7,52.97,48.21,-28.14,16
-69,-82,-54,72,3509.76,524287,4095,1,24.828713,102.851127,2001,1335,1976,25,45.75,52.14,47.43,-28.63,16
-69,-82,-51,72,3509.76,524287,4095,1,24.828713,102.851115,2001,1336,1976,25,44.91,51.4,46.34,-29.08,16
-70,-85,-53,70,3509.76,524287,4095,1,24.828712,102.851103,2001,1337,1976,25,43.99,50.6,45.29,-29.58,16
-72,-87,-47,75,3509.76,524287,4095,1,24.82871,102.851092,2001,1338,1976,25,43.08,49.81,44.4,-30.09,16
-72,-87,-56,75,3509.76,524287,4095,1,24.828708,102.85108,2001,1339,1976,25,42.12,48.98,43.36,-30.66,16
-72,-87,-48,75,3509.76,524287,4095,1,24.828705,102.851067,2001,1340,1976,25,41.01,48.03,42.26,-31.32,16
-66,-83,-44,65,3509.76,524287,4095,1,24.828702,102.851053,2001,1341,1976,25,39.86,47.05,40.98,-32.05,16
-66,-83,-46,65,3509.76,524287,4095,1,24.828693,102.85103,2001,1342,1976,25,37.66,45.2,39.12,-33.53,16
-65,-81,-46,58,3509.76,524287,4095,1,24.828685,102.851018,2001,1343,1976,25,36.23,44.02,38.4,-34.56,16
-65,-81,-47,58,3509.76,524287,4095,1,24.828678,102.851007,2001,1344,1976,25,34.95,42.97,37.64,-35.52,16
-69,-74,-47,72,3509.76,524287,4095,1,24.82867,102.850995,2001,1345,1976,25,33.53,41.82,36.8,-36.65,16
-69,-74,-50,72,3509.76,524287,4095,1,24.828663,102.850985,2001,1346,1976,25,32.32,40.86,36.07,-37.66,16
-64,-79,-49,64,3509.76,524287,4095,1,24.828655,102.850977,2001,1347,1976,25,31.14,39.93,35.72,-38.7,16
-64,-79,-48,64,3509.76,524287,4095,1,24.828648,102.850968,2001,1348,1976,25,29.99,39.04,35.06,-39.75,16
-69,-84,-46,71,3509.76,524287,4095,1,24.82864,102.85096,2001,1349,1976,25,28.81,38.14,34.64,-40.89,16
-69,-84,-46,71,3509.76,524287,4095,1,24.82863,102.850945,2001,1350,1976,25,27.07,36.85,33.12,-42.65,16
-74,-88,-56,73,3509.76,524287,4095,1,24.828625,102.850937,2001,1351,1976,25,26.19,36.21,32.18,-43.6,16
-83,-88,-60,12,3509.76,524287,4095,1,24.828618,102.850925,2001,1352,1976,25,24.92,35.3,30.58,-45.02,16
-75,-87,-54,73,3509.76,524287,4095,1,24.82861,102.850915,2001,1353,1976,25,23.66,34.42,29.39,-46.5,16
-75,-87,-52,73,3509.76,524287,4095,1,24.828595,102.850892,2001,1354,1976,25,21.16,32.75,25.64,-49.67,16
-71,-82,-51,74,3509.76,524287,4095,1,24.828588,102.850882,2001,1355,1976,25,20.06,32.05,23.77,-51.18,16
-71,-82,-49,74,3509.76,524287,4095,1,24.828585,102.850868,2001,1356,1976,25,19.26,31.56,19.98,-52.3,16
-75,-86,-57,67,3509.76,524287,4095,1,24.828578,102.850857,2001,1357,1976,25,18.19,30.92,17.23,-53.87,16
-75,-86,-53,67,3509.76,524287,4095,1,24.82857,102.850847,2001,1358,1976,25,17.08,30.28,14.57,-55.57,16
-76,-87,-56,69,3509.76,524287,4095,1,24.828563,102.850838,2001,1359,1976,25,16.13,29.75,11.85,-57.08,16
-76,-87,-53,69,3509.76,524287,4095,1,24.828558,102.850827,2001,1360,1976,25,15.41,29.37,7.84,-58.26,16
-79,-84,-57,69,3509.76,524287,4095,1,24.828548,102.850813,2001,1361,1976,25,14.19,28.75,2.24,-60.33,16
-79,-84,-59,69,3509.76,524287,4095,1,24.828525,102.850792,2001,1362,1976,25,11.74,27.62,351.34,-64.76,16
-69,-83,-48,66,3509.76,524287,4095,1,24.828508,102.850777,2001,1363,1976,25,10.24,27.02,340.59,-67.66,16
-69,-83,-53,66,3509.76,524287,4095,1,24.828492,102.850767,2001,1364,1976,25,8.99,26.57,330.34,-70.18,16
-71,-82,-46,73,3509.76,524287,4095,1,24.82848,102.850762,2001,1365,1976,25,8.11,26.28,322.52,-71.99,16
-71,-82,-55,73,3509.76,524287,4095,1,24.828468,102.85076,2001,1366,1976,25,7.2,26.02,315,-73.92,16
-76,-86,-55,73,3509.76,524287,4095,1,24.828457,102.85076,2001,1367,1976,25,6.35,25.79,307.63,-75.74,16
-76,-86,-61,73,3509.76,524287,4095,1,24.828443,102.850765,2001,1368,1976,25,5.04,25.5,298.14,-78.61,16
-64,-75,-47,67,3509.76,524287,4095,1,24.828433,102.85077,2001,1369,1976,25,4.1,25.33,288.89,-80.69,16
-78,-75,-54,8,3509.76,524287,4095,1,24.828425,102.850775,2001,1370,1976,25,3.38,25.23,278.62,-82.31,16
-61,-75,-39,59,3509.76,524287,4095,1,24.82841,102.850783,2001,1371,1976,25,2.76,25.15,248.2,-83.71,16
-62,-81,-44,66,3509.76,524287,4095,1,24.82841,102.850783,2001,1372,1976,25,2.76,25.15,248.2,-83.71,16
-62,-81,-40,66,3509.76,524287,4095,1,24.828392,102.850802,2001,1373,1975,26,3.16,26.19,192.09,-83.04,16
-62,-81,-40,66,3509.76,524287,4095,1,24.828375,102.85082,2001,1374,1975,26,5.13,26.5,165.07,-78.8,16
-62,-84,-47,69,3509.76,524287,4095,1,24.828367,102.850832,2001,1375,1975,26,6.35,26.76,155.64,-76.23,16
-62,-84,-43,69,3509.76,524287,4095,1,24.828357,102.850842,2001,1376,1975,26,7.78,27.14,151.65,-73.3,16
-61,-79,-44,69,3509.76,524287,4095,1,24.828348,102.85085,2001,1377,1975,26,9.04,27.53,149.74,-70.79,16
-78,-79,-62,14,3509.76,524287,4095,1,24.828348,102.85085,2001,1378,1975,26,9.04,27.53,149.74,-70.79,16
-62,-83,-46,74,3509.76,524287,4095,1,24.828337,102.850857,2001,1379,1975,26,10.44,28.02,149.44,-68.06,16
-62,-83,-40,74,3509.76,524287,4095,1,24.828322,102.850867,2001,1380,1975,26,12.39,28.8,148.95,-64.47,16
-67,-81,-47,86,3509.76,524287,4095,1,24.828313,102.850873,2001,1381,1975,26,13.55,29.32,148.72,-62.41,16
-67,-81,-48,86,3509.76,524287,4095,1,24.828305,102.850882,2001,1382,1975,26,14.77,29.9,147.24,-60.34,16
-66,-82,-46,85,3509.76,524287,4095,1,24.828305,102.850882,2001,1383,1975,26,14.77,29.9,147.24,-60.34,16
-66,-82,-48,85,3509.76,524287,4095,1,24.828283,102.850907,2001,1384,1975,26,18.18,31.73,144.15,-54.98,16
-65,-85,-49,80,3509.76,524287,4095,1,24.828277,102.850915,2001,1385,1975,26,19.18,32.31,143.19,-53.53,16
-78,-85,-59,19,3509.76,524287,4095,1,24.828267,102.850927,2001,1386,1975,26,20.78,33.28,142.13,-51.31,16
-68,-78,-46,84,3509.76,524287,4095,1,24.828258,102.850938,2001,1387,1975,26,22.24,34.21,141.25,-49.4,16
-68,-78,-49,84,3509.76,524287,4095,1,24.828252,102.85095,2001,1388,1975,26,23.5,35.05,139.79,-47.84,16
-71,-86,-54,89,3509.76,524287,4095,1,24.828237,102.850968,2001,1389,1975,26,25.93,36.72,138.84,-45.03,16
-71,-86,-52,89,3509.76,524287,4095,1,24.828227,102.850982,2001,1390,1975,26,27.68,37.98,137.96,-43.16,16
-70,-76,-46,84,3509.76,524287,4095,1,24.828207,102.851005,2001,1391,1975,26,30.88,40.37,137.23,-40.06,16
-70,-76,-55,84,3509.76,524287,4095,1,24.828198,102.851015,2001,1392,1975,26,32.29,41.46,137,-38.8,16
-69,-84,-45,83,3509.76,524287,4095,1,24.82819,102.851027,2001,1393,1975,26,33.75,42.6,136.4,-37.57,16
-69,-84,-48,83,3509.76,524287,4095,1,24.828178,102.851033,2001,1394,1975,26,35.16,43.73,137.08,-36.44,16
-68,-71,-69,71,3408.96,524287,4095,1,24.827935,102.851038,2001,1395,1972,29,58.54,65.33,154.63,-26.29,16
-69,-73,-67,73,3408.96,524287,4095,1,24.827888,102.85098,2001,1396,1972,29,61.44,67.94,162.08,-25.19,16
-69,-73,-67,73,3408.96,524287,4095,1,24.827883,102.850972,2001,1397,1972,29,61.75,68.22,163.02,-25.08,16
-71,-87,-67,67,3408.96,524287,4095,1,24.827883,102.850972,2001,1398,1972,29,61.75,68.22,163.02,-25.08,16
-71,-87,-67,67,3408.96,524287,4095,1,24.827868,102.850947,2001,1399,1972,29,62.74,69.12,165.87,-24.73,16
-69,-87,-45,68,3408.96,524287,4095,1,24.827862,102.850937,2001,1400,1970,31,63.17,70.37,166.98,-26.06,16
-69,-87,-44,68,3408.96,524287,4095,1,24.827855,102.850927,2001,1401,1970,31,63.73,70.87,168.11,-25.86,16
-67,-82,-46,59,3408.96,524287,4095,1,24.82784,102.850908,2001,1402,1970,31,65.04,72.05,170.22,-25.4,16
-67,-82,-51,59,3408.96,524287,4095,1,24.827825,102.850883,2001,1403,1970,31,66.34,73.23,172.82,-24.96,16
-69,-86,-45,61,3408.96,524287,4095,1,24.827817,102.850873,2001,1404,1970,31,67.12,73.93,173.85,-24.71,16
-69,-86,-53,61,3408.96,524287,4095,1,24.827808,102.850858,2001,1405,1970,31,67.98,74.71,175.33,-24.43,16
-65,-84,-42,61,3408.96,524287,4095,1,24.82779,102.850843,2001,1406,1970,31,69.87,76.44,176.82,-23.84,16
-88,-84,-70,12,3408.96,524287,4095,1,24.827772,102.850838,2001,1407,1970,31,71.84,78.24,177.35,-23.26,16
-68,-84,-52,72,3408.96,524287,4095,1,24.827762,102.850838,2001,1408,1970,31,72.95,79.26,177.39,-22.94,16
-68,-84,-48,72,3408.96,524287,4095,1,24.827752,102.850842,2001,1409,1970,31,74.07,80.3,177.09,-22.63,16
-67,-81,-45,68,3408.96,524287,4095,1,24.827737,102.850847,2001,1410,1970,31,75.76,81.86,176.73,-22.18,16
-67,-81,-47,68,3408.96,524287,4095,1,24.827723,102.850857,2001,1411,1970,31,77.37,83.35,175.98,-21.76,16
-63,-86,-44,70,3509.76,524287,4095,1,24.827715,102.850867,2001,1412,1970,31,78.32,84.23,175.22,-21.52,16
-63,-86,-43,70,3509.76,524287,4095,1,24.827707,102.850873,2001,1413,1970,31,79.25,85.1,174.79,-21.29,16
-62,-84,-46,74,3509.76,524287,4095,1,24.827692,102.850895,2001,1414,1970,31,81.12,86.84,173.19,-20.84,16
-62,-84,-46,74,3509.76,524287,4095,1,24.827683,102.850903,2001,1415,1970,31,82.2,87.85,172.66,-20.59,16
-63,-84,-69,66,3408.96,524287,4095,1,24.827568,102.851018,2001,1416,1968,33,96.73,102.2,166.15,-18.77,16
-63,-84,-69,66,3408.96,524287,4095,1,24.82756,102.851028,2001,1417,1968,33,97.82,103.24,165.65,-18.58,16
-62,-79,-69,63,3408.96,524287,4095,1,24.827547,102.851045,2001,1418,1968,33,99.63,104.95,164.81,-18.27,16
-88,-79,-66,9,3408.96,524287,4095,1,24.827547,102.851045,2001,1419,1968,33,99.63,104.95,164.81,-18.27,16
-88,-79,-66,9,3408.96,524287,4095,1,24.827528,102.851058,2001,1420,1968,33,101.99,107.2,164.34,-17.87,16
-63,-80,-41,59,3408.96,524287,4095,1,24.82752,102.851065,2001,1421,1968,33,103.02,108.18,164.06,-17.7,16
-63,-80,-42,59,3408.96,524287,4095,1,24.827512,102.851073,2001,1422,1968,33,104.09,109.2,163.73,-17.53,16
-65,-80,-48,66,3408.96,524287,4095,1,24.827472,102.851107,2001,1423,1968,33,109.27,114.14,162.49,-16.75,16
-65,-80,-43,66,3408.96,524287,4095,1,24.82746,102.851108,2001,1424,1968,33,110.58,115.4,162.65,-16.56,16
-58,-76,-36,58,3408.96,524287,4095,1,24.82746,102.851108,2001,1425,1968,33,110.58,115.4,162.65,-16.56,16
-58,-76,-40,58,3408.96,524287,4095,1,24.827443,102.851093,2001,1426,1968,33,111.99,116.75,163.74,-16.36,16
-57,-73,-36,61,3408.96,524287,4095,1,24.827435,102.851083,2001,1427,1968,33,112.59,117.33,164.4,-16.28,16
-57,-73,-34,61,3408.96,524287,4095,1,24.827418,102.851058,2001,1428,1968,33,113.83,118.52,165.99,-16.11,16
-63,-80,-45,62,3408.96,524287,4095,1,24.827418,102.851058,2001,1429,1968,33,113.83,118.52,165.99,-16.11,16
-63,-80,-47,62,3408.96,524287,4095,1,24.827405,102.851038,2001,1430,1968,33,114.81,119.46,167.23,-15.98,16
-63,-80,-40,62,3408.96,524287,4095,1,24.8274,102.851027,2001,1431,1968,33,115.13,119.77,167.88,-15.94,16
-65,-81,-43,69,3408.96,524287,4095,1,24.827388,102.851007,2001,1432,1968,33,116.07,120.67,169.09,-15.82,16
-90,-81,-69,13,3408.96,524287,4095,1,24.827382,102.850998,2001,1433,1968,33,116.57,121.15,169.63,-15.75,16
-63,-82,-45,69,3408.96,524287,4095,1,24.82737,102.85098,2001,1434,1968,33,117.6,122.14,170.7,-15.62,16
-63,-82,-47,69,3408.96,524287,4095,1,24.827363,102.850968,2001,1435,1968,33,118.2,122.72,171.39,-15.54,16
-65,-82,-43,72,3408.96,524287,4095,1,24.827348,102.850945,2001,1436,1968,33,119.55,124.02,172.72,-15.38,16
-65,-82,-47,72,3408.96,524287,4095,1,24.827343,102.850933,2001,1437,1968,33,119.97,124.43,173.38,-15.33,16
-60,-76,-44,66,3408.96,524287,4095,1,24.827343,102.850933,2001,1438,1968,33,119.97,124.43,173.38,-15.33,16
-60,-76,-38,66,3408.96,524287,4095,1,24.827337,102.85091,2001,1439,1968,33,120.41,124.85,174.62,-15.27,16
-90,-76,-69,8,3408.96,524287,4095,1,24.827332,102.8509,2001,1440,1968,33,120.88,125.3,175.17,-15.21,16
-62,-83,-41,62,3408.96,524287,4095,1,24.827322,102.850877,2001,1441,1968,33,121.83,126.22,176.4,-15.1,16
-62,-80,-40,53,3408.96,524287,4095,1,24.827317,102.850867,2001,1442,1968,33,122.33,126.7,176.94,-15.04,16
-62,-80,-45,53,3408.96,524287,4095,1,24.82731,102.850858,2001,1443,1968,33,123.06,127.41,177.42,-14.96,16
-62,-80,-41,53,3408.96,524287,4095,1,24.827303,102.850847,2001,1444,1968,33,123.79,128.11,178,-14.87,16
-65,-85,-42,63,3408.96,524287,4095,1,24.82729,102.850825,2001,1445,1968,33,125.18,129.46,179.14,-14.71,16
-65,-85,-42,63,3408.96,524287,4095,1,24.827285,102.850817,2001,1446,1968,33,125.73,129.99,179.55,-14.65,16
-65,-85,-48,63,3408.96,524287,4095,1,24.82728,102.850807,2001,1447,1968,33,126.28,130.52,180.05,-14.59,16
-62,-83,-38,61,3408.96,524287,4095,1,24.827275,102.850795,2001,1448,1968,33,126.84,131.06,180.65,-14.53,16
-90,-5,-72,6,3408.96,524287,4095,1,24.82726,102.850773,2001,1449,1968,33,128.54,132.71,181.73,-14.35,16
-65,-86,-42,66,3408.96,524287,4095,1,24.827252,102.850762,2001,1450,1968,33,129.46,133.6,182.26,-14.25,16
-65,-86,-48,66,3408.96,524287,4095,1,24.827242,102.85074,2001,1451,1966,35,130.67,135.28,183.3,-14.94,16
-61,-83,-46,58,3408.96,524287,4095,1,24.827238,102.85073,2001,1452,1966,35,131.17,135.76,183.78,-14.89,16
-61,-83,-37,58,3408.96,524287,4095,1,24.827237,102.850718,2001,1453,1966,35,131.36,135.94,184.35,-14.87,16
-61,-83,-36,58,3408.96,524287,4095,1,24.827238,102.850705,2001,1454,1966,35,131.34,135.92,184.98,-14.87,16
-58,-77,-36,59,3408.96,524287,4095,1,24.827238,102.850705,2001,1455,1966,35,131.34,135.92,184.98,-14.87,16
-58,-68,-34,56,3408.96,524287,4095,1,24.82725,102.850672,2001,1456,1966,35,130.33,134.95,186.63,-14.98,16
-58,-68,-40,56,3408.96,524287,4095,1,24.82725,102.850672,2001,1457,1966,35,130.33,134.95,186.63,-14.98,16
-58,-68,-39,56,3408.96,524287,4095,1,24.827262,102.850643,2001,1458,1966,35,129.35,134,188.11,-15.09,16
-52,-74,-34,55,3408.96,524287,4095,1,24.827265,102.85063,2001,1459,1966,35,129.2,133.86,188.76,-15.1,16
-52,-74,-27,55,3408.96,524287,4095,1,24.827272,102.850603,2001,1460,1966,35,128.84,133.51,190.12,-15.14,16
-54,-78,-37,58,3408.96,524287,4095,1,24.827275,102.850588,2001,1461,1966,35,128.77,133.44,190.88,-15.15,16
-54,-78,-31,58,3408.96,524287,4095,1,24.827278,102.850575,2001,1462,1966,35,128.67,133.35,191.53,-15.16,16
-60,-87,-43,72,3408.96,524287,4095,1,24.827283,102.850557,2001,1463,1966,35,128.48,133.16,192.45,-15.19,16
-60,-87,-43,72,3408.96,524287,4095,1,24.82729,102.850537,2001,1464,1966,35,128.13,132.82,193.49,-15.23,16
-54,-80,-32,67,3408.96,524287,4095,1,24.827295,102.850525,2001,1465,1966,35,127.86,132.56,194.12,-15.26,16
-54,-80,-34,67,3408.96,524287,4095,1,24.827298,102.850512,2001,1466,1966,35,127.84,132.54,194.78,-15.26,16
-49,-71,-69,55,3408.96,524287,4095,1,24.82737,102.850367,2001,1467,1969,32,124.56,128.6,202.78,-14.36,16
-48,-75,-23,55,3408.96,524287,4095,1,24.827542,102.850143,2001,1468,1970,31,118.23,122.23,217.14,-14.66,16
-47,-63,-69,53,3408.96,524287,4095,1,24.827703,102.850017,2001,1469,1973,28,112.7,116.13,227.81,-13.94,16
-47,-63,-69,53,3408.96,524287,4095,1,24.827708,102.850007,2001,1470,1973,28,113.03,116.45,228.37,-13.9,16
-53,-72,-69,45,3408.96,524287,4095,1,24.827708,102.850007,2001,1471,1973,28,113.03,116.45,228.37,-13.9,16
-62,-84,-69,67,3509.76,524287,4095,1,24.827708,102.850007,2001,1472,1973,28,113.03,116.45,228.37,-13.9,16
-62,-84,-69,67,3509.76,524287,4095,1,24.827713,102.849995,2001,1473,1973,28,113.52,116.92,228.99,-13.84,16
-59,-86,-69,65,3509.76,524287,4095,1,24.827715,102.849977,2001,1474,1973,28,114.7,118.07,229.69,-13.71,16
-59,-86,-69,65,3509.76,524287,4095,1,24.827715,102.849963,2001,1475,1973,28,115.74,119.08,230.16,-13.59,16
-61,-87,-45,73,3509.76,524287,4095,1,24.827718,102.84995,2001,1476,1973,28,116.49,119.81,230.71,-13.51,16
-61,-87,-43,73,3509.76,524287,4095,1,24.82772,102.849938,2001,1477,1973,28,117.25,120.55,231.18,-13.42,16
-61,-87,-44,73,3509.76,524287,4095,1,24.827728,102.84992,2001,1478,1973,28,118.04,121.32,232.07,-13.34,16
-60,-83,-42,72,3509.76,524287,4095,1,24.827728,102.84992,2001,1479,1973,28,118.04,121.32,232.07,-13.34,16
-60,-83,-42,72,3509.76,524287,4095,1,24.827738,102.84989,2001,1480,1973,28,119.66,122.89,233.39,-13.16,16
-63,-85,-45,68,3509.76,524287,4095,1,24.827745,102.84988,2001,1481,1973,28,119.96,123.18,233.97,-13.13,16
-63,-85,-39,68,3509.76,524287,4095,1,24.827753,102.849872,2001,1482,1973,28,120.05,123.27,234.53,-13.12,16
-67,-84,-47,74,3509.76,524287,4095,1,24.827763,102.849863,2001,1483,1973,28,120.09,123.31,235.19,-13.12,16
-67,-84,-42,74,3509.76,524287,4095,1,24.827772,102.849857,2001,1484,1973,28,119.98,123.2,235.73,-13.13,16
-67,-84,-49,74,3509.76,524287,4095,1,24.827782,102.849845,2001,1485,1973,28,120.3,123.52,236.48,-13.1,16
